variant_id,factor,repeat,index,truth,prediction,gate_confidence,mechanism_confidence,confidence,tau_g,tau_c
ADAPT_GAP_WEIGHT_1p5,adapt_gap_weight,1,536,nonphysical_goodput,ABSTAIN,0.15196195179163585,0.31866666666666665,0.04842520863760129,0.45,0.45
ADAPT_GAP_WEIGHT_1p5,adapt_gap_weight,1,794,nonphysical_goodput,ABSTAIN,0.10997425823244093,0.5906666666666668,0.06495812852929513,0.45,0.45
ADAPT_GAP_WEIGHT_1p5,adapt_gap_weight,1,966,adaptation_mismatch,adaptation_mismatch,0.9999998884064019,0.5780714285714287,0.578071364062358,0.45,0.45
ADAPT_GAP_WEIGHT_1p5,adapt_gap_weight,1,91,mobility,mobility,0.9994839382792821,1.0,0.9994839382792821,0.45,0.45
ADAPT_GAP_WEIGHT_1p5,adapt_gap_weight,1,563,interference,interference,0.9948066612764305,0.8445833333333331,0.8401971260030517,0.45,0.45
ADAPT_GAP_WEIGHT_1p5,adapt_gap_weight,1,49,blockage,ABSTAIN,0.11298252559177548,0.7479166666666667,0.08450151393218208,0.45,0.45
ADAPT_GAP_WEIGHT_1p5,adapt_gap_weight,1,881,blockage,blockage,0.6402899806387252,0.8444166666666666,0.5406715311510168,0.45,0.45
ADAPT_GAP_WEIGHT_1p5,adapt_gap_weight,1,40,interference,interference,0.9999999929248398,0.8946944444444445,0.8946944381143379,0.45,0.45
ADAPT_GAP_WEIGHT_1p5,adapt_gap_weight,1,19,interference,interference,0.9952034413154007,0.8583333333333332,0.8542162871290522,0.45,0.45
ADAPT_GAP_WEIGHT_1p5,adapt_gap_weight,1,747,normal,ABSTAIN,0.23542729936014423,0.37320833333333325,0.08786343001536714,0.45,0.45
ADAPT_GAP_WEIGHT_1p5,adapt_gap_weight,1,485,normal,blockage,0.6170542147010827,0.48225000000000007,0.29757439503959715,0.45,0.45
ADAPT_GAP_WEIGHT_1p5,adapt_gap_weight,1,1048,nonphysical_goodput,ABSTAIN,0.040523879170110536,0.5257499999999999,0.021305429473685612,0.45,0.45
ADAPT_GAP_WEIGHT_1p5,adapt_gap_weight,1,244,nonphysical_goodput,ABSTAIN,0.07504151073125383,0.335,0.025138906094970034,0.45,0.45
ADAPT_GAP_WEIGHT_1p5,adapt_gap_weight,1,902,mobility,mobility,0.9845344903569195,0.9495871212121212,0.9349012724320701,0.45,0.45
ADAPT_GAP_WEIGHT_1p5,adapt_gap_weight,1,887,blockage,blockage,0.7289071959742119,0.8654166666666667,0.6308084358493493,0.45,0.45
ADAPT_GAP_WEIGHT_1p5,adapt_gap_weight,1,60,blockage,blockage,0.9875081183845643,0.9990000000000001,0.9865206102661799,0.45,0.45
ADAPT_GAP_WEIGHT_1p5,adapt_gap_weight,1,134,mobility,mobility,0.9996520412684757,1.0,0.9996520412684757,0.45,0.45
ADAPT_GAP_WEIGHT_1p5,adapt_gap_weight,1,337,blockage,blockage,0.9354317741293288,0.7883333333333333,0.7374320486052875,0.45,0.45
ADAPT_GAP_WEIGHT_1p5,adapt_gap_weight,1,48,blockage,blockage,0.9788794317001035,0.985,0.9641962402246019,0.45,0.45
ADAPT_GAP_WEIGHT_1p5,adapt_gap_weight,1,681,adaptation_mismatch,ABSTAIN,0.23220596646515188,0.354,0.08220091212866376,0.45,0.45
ADAPT_GAP_WEIGHT_1p5,adapt_gap_weight,1,159,adaptation_mismatch,adaptation_mismatch,0.9999884263694233,0.7997857142857144,0.7997764578613168,0.45,0.45
ADAPT_GAP_WEIGHT_1p5,adapt_gap_weight,1,631,mobility,ABSTAIN,0.06869669038689857,0.67825,0.04659353025491396,0.45,0.45
ADAPT_GAP_WEIGHT_1p5,adapt_gap_weight,1,628,blockage,blockage,0.905319463005503,0.9612499999999997,0.8702383338140396,0.45,0.45
ADAPT_GAP_WEIGHT_1p5,adapt_gap_weight,1,163,adaptation_mismatch,adaptation_mismatch,0.9999972769645047,0.9483333333333333,0.9483307509880052,0.45,0.45
ADAPT_GAP_WEIGHT_1p5,adapt_gap_weight,1,721,normal,ABSTAIN,0.0979657729696033,0.41725000000000007,0.04087621877156698,0.45,0.45
ADAPT_GAP_WEIGHT_1p5,adapt_gap_weight,1,1043,nonphysical_goodput,ABSTAIN,0.024914631528327756,0.4650000000000001,0.011585303660672409,0.45,0.45
ADAPT_GAP_WEIGHT_1p5,adapt_gap_weight,1,543,interference,ABSTAIN,0.6304102051361296,0.3670833333333334,0.23141307946872092,0.45,0.45
ADAPT_GAP_WEIGHT_1p5,adapt_gap_weight,1,12,interference,interference,0.9996698125494644,0.5278333333333333,0.5276590493906922,0.45,0.45
ADAPT_GAP_WEIGHT_1p5,adapt_gap_weight,1,5,interference,interference,0.9999697417626471,0.9147916666666667,0.9147639866832882,0.45,0.45
ADAPT_GAP_WEIGHT_1p5,adapt_gap_weight,1,42,interference,interference,0.9999999999821638,0.8816666666666667,0.8816666666509412,0.45,0.45
ADAPT_GAP_WEIGHT_1p5,adapt_gap_weight,1,936,mobility,mobility,0.8051953714815352,0.8925,0.7186368690472701,0.45,0.45
ADAPT_GAP_WEIGHT_1p5,adapt_gap_weight,1,465,normal,ABSTAIN,0.033550703061807186,0.3693333333333333,0.01239139299749412,0.45,0.45
ADAPT_GAP_WEIGHT_1p5,adapt_gap_weight,1,236,nonphysical_goodput,ABSTAIN,0.04428918746054114,0.32641666666666674,0.014456728940244974,0.45,0.45
ADAPT_GAP_WEIGHT_1p5,adapt_gap_weight,1,573,interference,interference,0.9996156295786444,0.879285714285714,0.878947742865222,0.45,0.45
ADAPT_GAP_WEIGHT_1p5,adapt_gap_weight,1,508,nonphysical_goodput,ABSTAIN,0.2710798404265958,0.4645833333333335,0.125939175864856,0.45,0.45
ADAPT_GAP_WEIGHT_1p5,adapt_gap_weight,1,586,blockage,ABSTAIN,0.2616547264241521,0.45483333333333326,0.1190092914019185,0.45,0.45
ADAPT_GAP_WEIGHT_1p5,adapt_gap_weight,1,741,normal,ABSTAIN,0.11739404823346056,0.4287916666666666,0.0503375895987726,0.45,0.45
ADAPT_GAP_WEIGHT_1p5,adapt_gap_weight,1,961,adaptation_mismatch,interference,0.9999872793104975,0.709654761904762,0.7096457346068817,0.45,0.45
ADAPT_GAP_WEIGHT_1p5,adapt_gap_weight,1,854,interference,interference,0.9999978735961569,0.8007499999999997,0.8007482972821224,0.45,0.45
ADAPT_GAP_WEIGHT_1p5,adapt_gap_weight,1,474,normal,ABSTAIN,0.055333300476851116,0.7058333333333333,0.03905608791991075,0.45,0.45
ADAPT_GAP_WEIGHT_1p5,adapt_gap_weight,1,384,mobility,mobility,0.9978998553977414,0.9791666666666667,0.9771102750769551,0.45,0.45
ADAPT_GAP_WEIGHT_1p5,adapt_gap_weight,1,907,mobility,mobility,0.9600303153850118,0.9572537878787878,0.9189926558807698,0.45,0.45
ADAPT_GAP_WEIGHT_1p5,adapt_gap_weight,1,853,interference,interference,0.9999986934530547,0.5712499999999999,0.5712492536350574,0.45,0.45
ADAPT_GAP_WEIGHT_1p5,adapt_gap_weight,1,476,normal,ABSTAIN,0.036792192635036296,0.34300000000000014,0.012619722073817454,0.45,0.45
ADAPT_GAP_WEIGHT_1p5,adapt_gap_weight,1,174,adaptation_mismatch,adaptation_mismatch,0.9999995812919963,0.9355,0.9354996082986625,0.45,0.45
ADAPT_GAP_WEIGHT_1p5,adapt_gap_weight,1,350,blockage,blockage,0.9992541209421214,0.9666666666666666,0.9659456502440505,0.45,0.45
ADAPT_GAP_WEIGHT_1p5,adapt_gap_weight,1,713,adaptation_mismatch,adaptation_mismatch,0.9998970362158262,0.83125,0.8311644113544056,0.45,0.45
ADAPT_GAP_WEIGHT_1p5,adapt_gap_weight,1,997,normal,ABSTAIN,0.0017053451890755083,0.4295833333333332,0.0007325878708070203,0.45,0.45
ADAPT_GAP_WEIGHT_1p5,adapt_gap_weight,1,770,nonphysical_goodput,ABSTAIN,0.05650429254765223,0.45441666666666647,0.02567649227186229,0.45,0.45
ADAPT_GAP_WEIGHT_1p5,adapt_gap_weight,1,653,mobility,ABSTAIN,0.44559162346951975,0.92125,0.4105012831212951,0.45,0.45
ADAPT_GAP_WEIGHT_1p5,adapt_gap_weight,1,326,blockage,blockage,0.968368190757256,0.6883333333333332,0.6665601046379112,0.45,0.45
ADAPT_GAP_WEIGHT_1p5,adapt_gap_weight,1,363,mobility,mobility,0.8907857063042978,0.9225,0.8217498140657147,0.45,0.45
ADAPT_GAP_WEIGHT_1p5,adapt_gap_weight,1,195,normal,ABSTAIN,0.29919404824673446,0.46125,0.13800325475380626,0.45,0.45
ADAPT_GAP_WEIGHT_1p5,adapt_gap_weight,1,824,interference,ABSTAIN,0.1002684353434609,0.2979166666666667,0.029871638029406067,0.45,0.45
ADAPT_GAP_WEIGHT_1p5,adapt_gap_weight,1,947,adaptation_mismatch,ABSTAIN,0.9436188505564884,0.41416666666666674,0.39081547393881233,0.45,0.45
ADAPT_GAP_WEIGHT_1p5,adapt_gap_weight,1,565,interference,interference,0.9624130704428367,0.7483333333333334,0.7202057810480562,0.45,0.45
ADAPT_GAP_WEIGHT_1p5,adapt_gap_weight,1,916,mobility,mobility,0.9965645325898392,0.9866666666666667,0.9832770054886414,0.45,0.45
ADAPT_GAP_WEIGHT_1p5,adapt_gap_weight,1,15,interference,interference,0.999999821270803,0.9329166666666666,0.9329164999272199,0.45,0.45
ADAPT_GAP_WEIGHT_1p5,adapt_gap_weight,1,604,blockage,blockage,0.866589305465325,0.7650000000000001,0.6629408186809738,0.45,0.45
ADAPT_GAP_WEIGHT_1p5,adapt_gap_weight,1,392,mobility,mobility,0.99749172789208,0.8808333333333332,0.878623963651607,0.45,0.45
ADAPT_GAP_WEIGHT_1p5,adapt_gap_weight,1,655,mobility,mobility,0.6500134510916278,0.9479166666666665,0.6161585838472721,0.45,0.45
ADAPT_GAP_WEIGHT_1p5,adapt_gap_weight,1,864,blockage,blockage,0.7489634449009166,0.7491666666666669,0.5610984474716035,0.45,0.45
ADAPT_GAP_WEIGHT_1p5,adapt_gap_weight,1,987,adaptation_mismatch,adaptation_mismatch,0.9999999994108748,0.9508333333333333,0.9508333327731734,0.45,0.45
ADAPT_GAP_WEIGHT_1p5,adapt_gap_weight,1,135,adaptation_mismatch,adaptation_mismatch,0.9999944889988961,0.6845833333333333,0.6845795605938276,0.45,0.45
ADAPT_GAP_WEIGHT_1p5,adapt_gap_weight,1,818,interference,ABSTAIN,0.7979845500745291,0.3526666666666667,0.2814225513262839,0.45,0.45
ADAPT_GAP_WEIGHT_1p5,adapt_gap_weight,1,85,blockage,blockage,0.9913561067811184,0.9707083333333335,0.9623176341533216,0.45,0.45
ADAPT_GAP_WEIGHT_1p5,adapt_gap_weight,1,230,nonphysical_goodput,ABSTAIN,0.024409736147967185,0.4933333333333333,0.01204213649966381,0.45,0.45
ADAPT_GAP_WEIGHT_1p5,adapt_gap_weight,1,696,adaptation_mismatch,adaptation_mismatch,0.8020855378555108,0.7587500000000001,0.6085824018478689,0.45,0.45
ADAPT_GAP_WEIGHT_1p5,adapt_gap_weight,1,554,interference,interference,0.839804542011843,0.46916666666666645,0.39400829762722284,0.45,0.45
ADAPT_GAP_WEIGHT_1p5,adapt_gap_weight,1,753,normal,ABSTAIN,0.11641522405294676,0.6405000000000001,0.0745639510059124,0.45,0.45
ADAPT_GAP_WEIGHT_1p5,adapt_gap_weight,1,911,mobility,mobility,0.9443460580080639,0.9875,0.9325417322829632,0.45,0.45
ADAPT_GAP_WEIGHT_1p5,adapt_gap_weight,1,441,adaptation_mismatch,adaptation_mismatch,0.9999935356580639,0.8291666666666666,0.8291613066498112,0.45,0.45
ADAPT_GAP_WEIGHT_1p5,adapt_gap_weight,1,361,mobility,mobility,0.9658554289221126,0.9371704545454544,0.9051711713481312,0.45,0.45
ADAPT_GAP_WEIGHT_1p5,adapt_gap_weight,1,197,normal,ABSTAIN,0.07433860623158395,0.6895833333333333,0.05126266388052976,0.45,0.45
ADAPT_GAP_WEIGHT_1p5,adapt_gap_weight,1,892,blockage,blockage,0.7832477239991776,0.5760833333333334,0.45121595966719297,0.45,0.45
ADAPT_GAP_WEIGHT_1p5,adapt_gap_weight,1,272,interference,interference,0.9999411844190196,0.8835416666666666,0.8834897006502211,0.45,0.45
ADAPT_GAP_WEIGHT_1p5,adapt_gap_weight,1,432,adaptation_mismatch,adaptation_mismatch,0.9999857255755058,0.8775,0.8774874741925063,0.45,0.45
ADAPT_GAP_WEIGHT_1p5,adapt_gap_weight,1,577,interference,interference,0.9999780640477692,0.8224999999999999,0.8224819576792901,0.45,0.45
ADAPT_GAP_WEIGHT_1p5,adapt_gap_weight,1,518,nonphysical_goodput,ABSTAIN,0.08057813608895163,0.34958333333333336,0.028168773407762675,0.45,0.45
ADAPT_GAP_WEIGHT_1p5,adapt_gap_weight,1,848,interference,adaptation_mismatch,0.9999999417162645,0.5898333333333333,0.5898332989556433,0.45,0.45
ADAPT_GAP_WEIGHT_1p5,adapt_gap_weight,1,320,blockage,ABSTAIN,0.09443347194126163,0.7674999999999998,0.07247768971491829,0.45,0.45
ADAPT_GAP_WEIGHT_1p5,adapt_gap_weight,1,399,mobility,mobility,0.6695464087764823,0.9305,0.6230129333665168,0.45,0.45
ADAPT_GAP_WEIGHT_1p5,adapt_gap_weight,1,103,mobility,mobility,0.8385194557376462,0.9933333333333333,0.8329293260327285,0.45,0.45
ADAPT_GAP_WEIGHT_1p5,adapt_gap_weight,1,1009,normal,ABSTAIN,0.15439724365663765,0.5645454545454546,0.0871642621007018,0.45,0.45
ADAPT_GAP_WEIGHT_1p5,adapt_gap_weight,1,719,adaptation_mismatch,adaptation_mismatch,0.9980551829342231,0.9009999999999999,0.899247719823735,0.45,0.45
ADAPT_GAP_WEIGHT_1p5,adapt_gap_weight,1,270,interference,interference,0.9996807219744286,0.9420833333333334,0.941782546826743,0.45,0.45
ADAPT_GAP_WEIGHT_1p5,adapt_gap_weight,1,181,normal,ABSTAIN,0.09149347076484139,0.6570833333333335,0.060118834748397874,0.45,0.45
ADAPT_GAP_WEIGHT_1p5,adapt_gap_weight,1,303,interference,interference,0.9999586534928552,0.72,0.7199702305148556,0.45,0.45
ADAPT_GAP_WEIGHT_1p5,adapt_gap_weight,1,1003,normal,ABSTAIN,0.2189840262284634,0.4783333333333333,0.104747359212615,0.45,0.45
ADAPT_GAP_WEIGHT_1p5,adapt_gap_weight,1,827,interference,ABSTAIN,0.263941257908861,0.5275833333333333,0.1392510086517499,0.45,0.45
ADAPT_GAP_WEIGHT_1p5,adapt_gap_weight,1,674,mobility,ABSTAIN,0.34689424337355224,0.8858333333333331,0.3072904839217383,0.45,0.45
ADAPT_GAP_WEIGHT_1p5,adapt_gap_weight,1,594,blockage,blockage,0.6241049086182708,0.5541666666666667,0.3458581368592918,0.45,0.45
ADAPT_GAP_WEIGHT_1p5,adapt_gap_weight,1,792,nonphysical_goodput,ABSTAIN,0.10301788129233826,0.4714166666666666,0.048564346205896454,0.45,0.45
ADAPT_GAP_WEIGHT_1p5,adapt_gap_weight,1,451,normal,ABSTAIN,0.3218402924477286,0.7199999999999999,0.23172501056236455,0.45,0.45
ADAPT_GAP_WEIGHT_1p5,adapt_gap_weight,1,867,blockage,ABSTAIN,0.01826140157762043,0.4220833333333333,0.007707833249220623,0.45,0.45
ADAPT_GAP_WEIGHT_1p5,adapt_gap_weight,1,1021,normal,ABSTAIN,0.17989575416801237,0.5371212121212121,0.0966258255341824,0.45,0.45
ADAPT_GAP_WEIGHT_1p5,adapt_gap_weight,1,327,blockage,ABSTAIN,0.1145879986359527,0.62725,0.07187532214440133,0.45,0.45
ADAPT_GAP_WEIGHT_1p5,adapt_gap_weight,1,116,mobility,mobility,0.9771057302864025,0.98375,0.9612277621692484,0.45,0.45
ADAPT_GAP_WEIGHT_1p5,adapt_gap_weight,1,53,blockage,blockage,0.7164420014606229,0.8493749999999999,0.6085279249906165,0.45,0.45
ADAPT_GAP_WEIGHT_1p5,adapt_gap_weight,1,762,normal,ABSTAIN,0.23116148927568364,0.36291666666666667,0.08389235714963351,0.45,0.45
ADAPT_GAP_WEIGHT_1p5,adapt_gap_weight,1,364,mobility,blockage,0.9131445218426332,0.5562499999999997,0.5079366402749644,0.45,0.45
ADAPT_GAP_WEIGHT_1p5,adapt_gap_weight,1,823,interference,ABSTAIN,0.5261099648472852,0.38891666666666685,0.20461293382852344,0.45,0.45
ADAPT_GAP_WEIGHT_1p5,adapt_gap_weight,1,894,blockage,blockage,0.8005532285618239,0.7693333333333334,0.6158922838402299,0.45,0.45
ADAPT_GAP_WEIGHT_1p5,adapt_gap_weight,1,603,blockage,blockage,0.5697317417305797,0.8891666666666665,0.5065864736887737,0.45,0.45
ADAPT_GAP_WEIGHT_1p5,adapt_gap_weight,1,89,blockage,blockage,0.9916506221456559,0.9792083333333333,0.9710325529602108,0.45,0.45
ADAPT_GAP_WEIGHT_1p5,adapt_gap_weight,1,375,mobility,mobility,0.9986277927288536,0.9897537878787879,0.9883956405344159,0.45,0.45
ADAPT_GAP_WEIGHT_1p5,adapt_gap_weight,1,291,interference,interference,0.9731802702331483,0.48208333333333336,0.4691539886082303,0.45,0.45
ADAPT_GAP_WEIGHT_1p5,adapt_gap_weight,1,97,mobility,mobility,0.6716459211497534,0.6392916666666665,0.4293776403416943,0.45,0.45
ADAPT_GAP_WEIGHT_1p5,adapt_gap_weight,1,282,interference,ABSTAIN,0.7381265360429713,0.39166666666666666,0.28909955995016373,0.45,0.45
ADAPT_GAP_WEIGHT_1p5,adapt_gap_weight,1,343,blockage,blockage,0.9830873852809816,1.0,0.9830873852809816,0.45,0.45
ADAPT_GAP_WEIGHT_1p5,adapt_gap_weight,1,114,mobility,mobility,0.9996403982469589,0.9804166666666666,0.9800641071146226,0.45,0.45
ADAPT_GAP_WEIGHT_1p5,adapt_gap_weight,1,480,normal,ABSTAIN,0.025759510800756242,0.4644166666666667,0.011963146141051212,0.45,0.45
ADAPT_GAP_WEIGHT_1p5,adapt_gap_weight,1,861,blockage,ABSTAIN,0.22980612478881338,0.78,0.17924877733527445,0.45,0.45
ADAPT_GAP_WEIGHT_1p5,adapt_gap_weight,1,408,adaptation_mismatch,adaptation_mismatch,0.9932482250171258,0.631,0.6267396299858065,0.45,0.45
ADAPT_GAP_WEIGHT_1p5,adapt_gap_weight,1,836,interference,interference,0.9999971230542318,0.9320833333333333,0.9320806517801319,0.45,0.45
ADAPT_GAP_WEIGHT_1p5,adapt_gap_weight,1,346,blockage,blockage,0.7956430767841877,0.6233333333333333,0.49595085119547694,0.45,0.45
ADAPT_GAP_WEIGHT_1p5,adapt_gap_weight,1,703,adaptation_mismatch,adaptation_mismatch,0.7152066149690813,0.7574166666666666,0.5417094102878317,0.45,0.45
ADAPT_GAP_WEIGHT_1p5,adapt_gap_weight,1,664,mobility,mobility,0.6597925821371906,0.7937954545454545,0.5237403526433103,0.45,0.45
ADAPT_GAP_WEIGHT_1p5,adapt_gap_weight,1,643,mobility,ABSTAIN,0.14726538630727545,0.54,0.07952330860592875,0.45,0.45
ADAPT_GAP_WEIGHT_1p5,adapt_gap_weight,1,214,normal,ABSTAIN,0.08028383933443499,0.3479166666666666,0.027932085768438836,0.45,0.45
ADAPT_GAP_WEIGHT_1p5,adapt_gap_weight,1,209,normal,ABSTAIN,0.08765851952263892,0.5590833333333335,0.04900841728978206,0.45,0.45
ADAPT_GAP_WEIGHT_1p5,adapt_gap_weight,1,1063,nonphysical_goodput,ABSTAIN,0.026385951671019675,0.48858333333333337,0.012891736220599031,0.45,0.45
ADAPT_GAP_WEIGHT_1p5,adapt_gap_weight,1,2,interference,interference,0.9999099837102131,0.9191964285714286,0.9191136859193432,0.45,0.45
ADAPT_GAP_WEIGHT_1p5,adapt_gap_weight,1,168,adaptation_mismatch,adaptation_mismatch,0.9999999234509299,0.9359166666666665,0.935916595023116,0.45,0.45
ADAPT_GAP_WEIGHT_1p5,adapt_gap_weight,1,665,mobility,ABSTAIN,0.1797046632577916,0.9279166666666666,0.1667509521146258,0.45,0.45
ADAPT_GAP_WEIGHT_1p5,adapt_gap_weight,1,407,adaptation_mismatch,adaptation_mismatch,0.9999989880329139,0.6662499999999999,0.6662493257769287,0.45,0.45
ADAPT_GAP_WEIGHT_1p5,adapt_gap_weight,1,990,normal,ABSTAIN,0.07615221877657778,0.3525378787878789,0.026846541672485215,0.45,0.45
ADAPT_GAP_WEIGHT_1p5,adapt_gap_weight,1,41,interference,interference,0.9999999995836681,0.9050416666666667,0.905041666289869,0.45,0.45
ADAPT_GAP_WEIGHT_1p5,adapt_gap_weight,1,130,mobility,mobility,0.9999142300755863,0.9850000000000001,0.9849155166244526,0.45,0.45
ADAPT_GAP_WEIGHT_1p5,adapt_gap_weight,1,751,normal,ABSTAIN,0.036266024401520755,0.6355000000000001,0.023047058507166443,0.45,0.45
ADAPT_GAP_WEIGHT_1p5,adapt_gap_weight,1,217,normal,ABSTAIN,0.04856821772974792,0.6204166666666667,0.030132531749831108,0.45,0.45
ADAPT_GAP_WEIGHT_1p5,adapt_gap_weight,1,984,adaptation_mismatch,interference,0.9999999986345389,0.7465992063492063,0.7465992053297541,0.45,0.45
ADAPT_GAP_WEIGHT_1p5,adapt_gap_weight,1,194,normal,ABSTAIN,0.03020459312827207,0.38758333333333334,0.011706796886632783,0.45,0.45
ADAPT_GAP_WEIGHT_1p5,adapt_gap_weight,1,153,adaptation_mismatch,adaptation_mismatch,0.9999984828001751,0.9784523809523807,0.9784508964445997,0.45,0.45
ADAPT_GAP_WEIGHT_1p5,adapt_gap_weight,1,1071,nonphysical_goodput,ABSTAIN,0.0986553420479616,0.4825000000000001,0.04760120253814148,0.45,0.45
ADAPT_GAP_WEIGHT_1p5,adapt_gap_weight,1,395,mobility,mobility,0.6127794424484483,0.9266666666666665,0.567842283335562,0.45,0.45
ADAPT_GAP_WEIGHT_1p5,adapt_gap_weight,1,1010,normal,ABSTAIN,0.009914409994657732,0.3185,0.0031577395832984878,0.45,0.45
ADAPT_GAP_WEIGHT_1p5,adapt_gap_weight,1,110,mobility,mobility,0.9989565258797085,0.9925,0.9914643519356108,0.45,0.45
ADAPT_GAP_WEIGHT_1p5,adapt_gap_weight,1,228,nonphysical_goodput,ABSTAIN,0.047443654059761,0.46516666666666673,0.022069206413465492,0.45,0.45
ADAPT_GAP_WEIGHT_1p5,adapt_gap_weight,1,915,mobility,mobility,0.9975978314486184,0.9825,0.9801398693982676,0.45,0.45
ADAPT_GAP_WEIGHT_1p5,adapt_gap_weight,1,167,adaptation_mismatch,adaptation_mismatch,0.9999810165243149,0.7775000000000002,0.7774852403476551,0.45,0.45
ADAPT_GAP_WEIGHT_1p5,adapt_gap_weight,1,532,nonphysical_goodput,ABSTAIN,0.11032929410768379,0.6040833333333333,0.06664808774888331,0.45,0.45
ADAPT_GAP_WEIGHT_1p5,adapt_gap_weight,1,629,blockage,blockage,0.8756418217026907,0.9458333333333333,0.8282112230271282,0.45,0.45
ADAPT_GAP_WEIGHT_1p5,adapt_gap_weight,1,294,interference,interference,0.9712517846552238,0.7954166666666667,0.7725498570445092,0.45,0.45
ADAPT_GAP_WEIGHT_1p5,adapt_gap_weight,1,334,blockage,blockage,0.9910790113721842,0.7717499999999999,0.7648652270264831,0.45,0.45
ADAPT_GAP_WEIGHT_1p5,adapt_gap_weight,1,950,adaptation_mismatch,adaptation_mismatch,0.9979678404120769,0.5165833333333334,0.5155335535595388,0.45,0.45
ADAPT_GAP_WEIGHT_1p5,adapt_gap_weight,1,141,adaptation_mismatch,adaptation_mismatch,0.9999987479954259,0.7645833333333333,0.7645823760715027,0.45,0.45
ADAPT_GAP_WEIGHT_1p5,adapt_gap_weight,1,1075,nonphysical_goodput,ABSTAIN,0.04738432455576024,0.45454166666666673,0.021538149857449524,0.45,0.45
ADAPT_GAP_WEIGHT_1p5,adapt_gap_weight,1,1069,nonphysical_goodput,ABSTAIN,0.03146997755213025,0.414,0.013028570706581921,0.45,0.45
ADAPT_GAP_WEIGHT_1p5,adapt_gap_weight,1,808,nonphysical_goodput,ABSTAIN,0.06970693970684803,0.4945000000000001,0.03447008168503636,0.45,0.45
ADAPT_GAP_WEIGHT_1p5,adapt_gap_weight,1,540,interference,adaptation_mismatch,0.9760185643337458,0.5291666666666665,0.5164764902932736,0.45,0.45
ADAPT_GAP_WEIGHT_1p5,adapt_gap_weight,1,434,adaptation_mismatch,adaptation_mismatch,0.999352288144041,0.76125,0.7607569293496512,0.45,0.45
ADAPT_GAP_WEIGHT_1p5,adapt_gap_weight,1,787,nonphysical_goodput,mobility,0.49644128715822516,0.72175,0.358306499006449,0.45,0.45
ADAPT_GAP_WEIGHT_1p5,adapt_gap_weight,1,746,normal,ABSTAIN,0.03361953360241843,0.36083333333333334,0.012131048374872649,0.45,0.45
ADAPT_GAP_WEIGHT_1p5,adapt_gap_weight,1,520,nonphysical_goodput,ABSTAIN,0.06218325573950865,0.68375,0.042517801111889034,0.45,0.45
ADAPT_GAP_WEIGHT_1p5,adapt_gap_weight,1,25,interference,interference,0.9999999781096198,0.9761944444444444,0.9761944230751769,0.45,0.45
ADAPT_GAP_WEIGHT_1p5,adapt_gap_weight,1,683,adaptation_mismatch,adaptation_mismatch,0.9100673731849732,0.45400000000000007,0.4131705874259779,0.45,0.45
ADAPT_GAP_WEIGHT_1p5,adapt_gap_weight,1,129,mobility,mobility,0.999932721825487,1.0,0.999932721825487,0.45,0.45
ADAPT_GAP_WEIGHT_1p5,adapt_gap_weight,1,795,nonphysical_goodput,ABSTAIN,0.06553487171291884,0.38016666666666665,0.02491417372952798,0.45,0.45
ADAPT_GAP_WEIGHT_1p5,adapt_gap_weight,1,461,normal,ABSTAIN,0.026135399604602514,0.32583333333333336,0.00851578437116632,0.45,0.45
ADAPT_GAP_WEIGHT_1p5,adapt_gap_weight,1,630,mobility,ABSTAIN,0.09531370575264231,0.7434999999999999,0.07086574022708955,0.45,0.45
ADAPT_GAP_WEIGHT_1p5,adapt_gap_weight,1,242,nonphysical_goodput,ABSTAIN,0.053679942978094364,0.36833333333333335,0.019772112330264758,0.45,0.45
ADAPT_GAP_WEIGHT_1p5,adapt_gap_weight,1,568,interference,interference,0.991594228167688,0.8466666666666665,0.8395497798486423,0.45,0.45
ADAPT_GAP_WEIGHT_1p5,adapt_gap_weight,1,185,normal,ABSTAIN,0.06108651034668223,0.7849999999999998,0.04795291062214554,0.45,0.45
ADAPT_GAP_WEIGHT_1p5,adapt_gap_weight,1,601,blockage,blockage,0.9191168705867954,0.755,0.6939332372930305,0.45,0.45
ADAPT_GAP_WEIGHT_1p5,adapt_gap_weight,1,412,adaptation_mismatch,adaptation_mismatch,0.9906263116799866,0.5712499999999998,0.5658952805471922,0.45,0.45
ADAPT_GAP_WEIGHT_1p5,adapt_gap_weight,1,943,mobility,mobility,0.9902589249653918,0.9875,0.9778806884033244,0.45,0.45
ADAPT_GAP_WEIGHT_1p5,adapt_gap_weight,1,876,blockage,blockage,0.9748810577998974,1.0,0.9748810577998974,0.45,0.45
ADAPT_GAP_WEIGHT_1p5,adapt_gap_weight,1,521,nonphysical_goodput,ABSTAIN,0.02370261340902035,0.3527499999999999,0.008361096880031926,0.45,0.45
ADAPT_GAP_WEIGHT_1p5,adapt_gap_weight,1,1032,normal,ABSTAIN,0.04014972047747992,0.35225,0.014142739038192301,0.45,0.45
ADAPT_GAP_WEIGHT_1p5,adapt_gap_weight,1,1044,nonphysical_goodput,blockage,0.47266312464744437,0.703333333333333,0.3324397310020357,0.45,0.45
ADAPT_GAP_WEIGHT_1p5,adapt_gap_weight,1,884,blockage,blockage,0.9651021701144201,0.995,0.960276659263848,0.45,0.45
ADAPT_GAP_WEIGHT_1p5,adapt_gap_weight,1,1050,nonphysical_goodput,ABSTAIN,0.03018885411824869,0.4419166666666667,0.013340957782422733,0.45,0.45
ADAPT_GAP_WEIGHT_1p5,adapt_gap_weight,1,593,blockage,ABSTAIN,0.3854699997082265,0.7316666666666667,0.28203554978651907,0.45,0.45
ADAPT_GAP_WEIGHT_1p5,adapt_gap_weight,1,388,mobility,mobility,0.668121727696485,0.9945833333333334,0.6645027350047957,0.45,0.45
ADAPT_GAP_WEIGHT_1p5,adapt_gap_weight,1,659,mobility,mobility,0.8232354022250046,0.9545871212121212,0.7858499126898698,0.45,0.45
ADAPT_GAP_WEIGHT_1p5,adapt_gap_weight,1,579,interference,interference,0.9999362776868685,0.8045357142857142,0.804484447409003,0.45,0.45
ADAPT_GAP_WEIGHT_1p5,adapt_gap_weight,1,720,normal,ABSTAIN,0.11908464611919561,0.3935416666666666,0.046864770108158434,0.45,0.45
ADAPT_GAP_WEIGHT_1p5,adapt_gap_weight,1,981,adaptation_mismatch,interference,0.9998890514626886,0.4555,0.45544946294125466,0.45,0.45
ADAPT_GAP_WEIGHT_1p5,adapt_gap_weight,1,304,interference,interference,0.9999559081301393,0.73875,0.7387174271311404,0.45,0.45
ADAPT_GAP_WEIGHT_1p5,adapt_gap_weight,1,531,nonphysical_goodput,mobility,0.4660797826983701,0.45333333333333337,0.21128950148992778,0.45,0.45
ADAPT_GAP_WEIGHT_1p5,adapt_gap_weight,1,500,nonphysical_goodput,ABSTAIN,0.019038494660416513,0.37458333333333327,0.007131502791547684,0.45,0.45
ADAPT_GAP_WEIGHT_1p5,adapt_gap_weight,1,930,mobility,mobility,0.9745617560279018,0.9519166666666667,0.9277015782588937,0.45,0.45
ADAPT_GAP_WEIGHT_1p5,adapt_gap_weight,1,355,blockage,blockage,0.9241564864912568,0.9066666666666667,0.8379018810854062,0.45,0.45
ADAPT_GAP_WEIGHT_1p5,adapt_gap_weight,1,427,adaptation_mismatch,interference,0.9996978742340159,0.49724999999999997,0.49709976796286437,0.45,0.45
ADAPT_GAP_WEIGHT_1p5,adapt_gap_weight,1,1064,nonphysical_goodput,ABSTAIN,0.0916474480485464,0.6558333333333334,0.06010545134517168,0.45,0.45
ADAPT_GAP_WEIGHT_1p5,adapt_gap_weight,1,146,adaptation_mismatch,adaptation_mismatch,0.9993668964966214,0.7334166666666667,0.7329523380055638,0.45,0.45
ADAPT_GAP_WEIGHT_1p5,adapt_gap_weight,1,1005,normal,ABSTAIN,0.050625457016934584,0.4838333333333333,0.024494283620026848,0.45,0.45
ADAPT_GAP_WEIGHT_1p5,adapt_gap_weight,1,268,nonphysical_goodput,ABSTAIN,0.028662551432854233,0.6708333333333333,0.019227794919539715,0.45,0.45
ADAPT_GAP_WEIGHT_1p5,adapt_gap_weight,1,452,normal,ABSTAIN,0.03484307669386638,0.3943333333333333,0.01373978657628131,0.45,0.45
ADAPT_GAP_WEIGHT_1p5,adapt_gap_weight,1,248,nonphysical_goodput,ABSTAIN,0.043709876062238584,0.4755,0.020784046067594444,0.45,0.45
ADAPT_GAP_WEIGHT_1p5,adapt_gap_weight,1,298,interference,interference,0.9999998306406856,0.8626944444444443,0.8626942983391047,0.45,0.45
ADAPT_GAP_WEIGHT_1p5,adapt_gap_weight,1,773,nonphysical_goodput,ABSTAIN,0.10889040834459698,0.6900833333333334,0.0751434559584673,0.45,0.45
ADAPT_GAP_WEIGHT_1p5,adapt_gap_weight,1,306,interference,interference,0.9999884822244777,0.46283333333333326,0.4628280025228957,0.45,0.45
ADAPT_GAP_WEIGHT_1p5,adapt_gap_weight,1,491,normal,ABSTAIN,0.09541125959371431,0.2705,0.025808745720099724,0.45,0.45
ADAPT_GAP_WEIGHT_1p5,adapt_gap_weight,1,74,blockage,blockage,0.6916748238805741,0.9409583333333335,0.650837189487292,0.45,0.45
ADAPT_GAP_WEIGHT_1p5,adapt_gap_weight,1,956,adaptation_mismatch,adaptation_mismatch,0.9984072709451147,0.5584523809523809,0.5575629176194682,0.45,0.45
ADAPT_GAP_WEIGHT_1p5,adapt_gap_weight,1,1031,normal,ABSTAIN,0.28459442959601017,0.4649999999999999,0.1323364097621447,0.45,0.45
ADAPT_GAP_WEIGHT_1p5,adapt_gap_weight,1,835,interference,interference,0.9984168887249627,0.8004166666666664,0.7991495180169387,0.45,0.45
ADAPT_GAP_WEIGHT_1p5,adapt_gap_weight,1,768,nonphysical_goodput,ABSTAIN,0.31412174440720664,0.5742499999999999,0.18038441172583838,0.45,0.45
ADAPT_GAP_WEIGHT_1p5,adapt_gap_weight,1,695,adaptation_mismatch,adaptation_mismatch,0.945814430240005,0.4783333333333333,0.452414569131469,0.45,0.45
ADAPT_GAP_WEIGHT_1p5,adapt_gap_weight,1,627,blockage,blockage,0.9634203095635359,0.9258333333333332,0.8919666366042401,0.45,0.45
ADAPT_GAP_WEIGHT_1p5,adapt_gap_weight,1,263,nonphysical_goodput,ABSTAIN,0.11314717147929192,0.5073333333333333,0.057403331663827425,0.45,0.45
ADAPT_GAP_WEIGHT_1p5,adapt_gap_weight,1,507,nonphysical_goodput,ABSTAIN,0.07546188539741633,0.6578333333333333,0.04964134361060037,0.45,0.45
ADAPT_GAP_WEIGHT_1p5,adapt_gap_weight,1,439,adaptation_mismatch,adaptation_mismatch,0.9999152413278222,0.7945833333333333,0.7945159855050653,0.45,0.45
ADAPT_GAP_WEIGHT_1p5,adapt_gap_weight,1,212,normal,ABSTAIN,0.0928810861340796,0.5776666666666666,0.053654307423453305,0.45,0.45
ADAPT_GAP_WEIGHT_1p5,adapt_gap_weight,1,75,blockage,blockage,0.9969688525189189,0.9935416666666665,0.9905300953464007,0.45,0.45
ADAPT_GAP_WEIGHT_1p5,adapt_gap_weight,1,67,blockage,blockage,0.6929621711954462,0.9409583333333335,0.6520485296711152,0.45,0.45
ADAPT_GAP_WEIGHT_1p5,adapt_gap_weight,1,734,normal,ABSTAIN,0.08259069142794746,0.4717499999999999,0.03896215868113421,0.45,0.45
ADAPT_GAP_WEIGHT_1p5,adapt_gap_weight,1,711,adaptation_mismatch,adaptation_mismatch,0.9401831055489018,0.7267499999999998,0.6832780719576642,0.45,0.45
ADAPT_GAP_WEIGHT_1p5,adapt_gap_weight,1,802,nonphysical_goodput,ABSTAIN,0.10983590259959108,0.32933333333333337,0.036172623922798665,0.45,0.45
ADAPT_GAP_WEIGHT_1p5,adapt_gap_weight,1,685,adaptation_mismatch,adaptation_mismatch,0.8884900669078643,0.5708333333333332,0.5071797465265724,0.45,0.45
ADAPT_GAP_WEIGHT_1p5,adapt_gap_weight,1,448,adaptation_mismatch,adaptation_mismatch,0.9999943512945659,0.7378333333333335,0.737829165530174,0.45,0.45
ADAPT_GAP_WEIGHT_1p5,adapt_gap_weight,1,965,adaptation_mismatch,ABSTAIN,0.9999692095028855,0.4437499999999999,0.4437363367169054,0.45,0.45
ADAPT_GAP_WEIGHT_1p5,adapt_gap_weight,1,265,nonphysical_goodput,ABSTAIN,0.03427487004082508,0.4458333333333333,0.015280879559867847,0.45,0.45
ADAPT_GAP_WEIGHT_1p5,adapt_gap_weight,1,926,mobility,mobility,0.9915216143591967,0.9441666666666666,0.9361616575574748,0.45,0.45
