group,total_count,eligible_count,ineligible_count,median_effect,mean_effect,negative_effect_count,negative_effect_fraction
all_825_samples,825,541,284,-0.21431988791072795,-0.1643527380119659,358,0.6617375231053605
physical_samples,706,541,165,-0.21431988791072795,-0.1643527380119659,358,0.6617375231053605
control_samples,119,0,119,nan,nan,0,nan
interference,175,122,53,-0.4448797747740414,-0.4740192443356421,122,1.0
blockage,178,104,74,-0.3690311687629193,-0.37861558919328964,104,1.0
mobility,180,179,1,0.030570931333700254,0.0016495216658976972,81,0.45251396648044695
adaptation_mismatch,173,136,37,0.09119351831205733,0.05879612825280317,51,0.375
normal,59,0,59,nan,nan,0,nan
nonphysical_goodput,60,0,60,nan,nan,0,nan
