filename,relative_path,sha256,total_row_count,bler_unit_decision,raw_bler_min,raw_bler_max,normalized_bler_min,normalized_bler_max,primary_eligible,primary_effect,primary_complete_row_count,primary_control_unique_count,primary_predictor_residual_sd,primary_outcome_residual_sd,primary_eligibility_reason,unadjusted_sinr_bler,unadjusted_sinr_bler_rows,unadjusted_sinr_bler_reason,cqi_bler,cqi_bler_rows,cqi_bler_reason,spectral_efficiency_bler,spectral_efficiency_bler_rows,spectral_efficiency_bler_reason,sinr_mcs,sinr_mcs_rows,sinr_mcs_reason
20250328_09-35-20.csv,artifacts/public_real_measurement_package_structure_audit_v1/downloads/zenodo_oran_video_kpi/20250328_09-35-20.csv,2219086951b7347a1be58ec3f642f1c7f0320a742711eaa214f7fc8355a04fc4,5999,percentage_divided_by_100,0.0,77.33333333333333,0.0,0.7733333333333333,True,0.2024924144721699,5999,2348,1300.0186898818367,1098.7360550037113,eligible,0.008728532869699811,5999,eligible,0.028743066977031485,5999,eligible,-0.0503667489004834,5999,eligible,0.658001856320007,5999,eligible
20250328_09-38-18.csv,artifacts/public_real_measurement_package_structure_audit_v1/downloads/zenodo_oran_video_kpi/20250328_09-38-18.csv,263c114b7dc72f3e503a8fb146316db42fa21f9f4d1ef68705d9ccfacba5ecbc,5999,percentage_divided_by_100,0.0,71.66666666666667,0.0,0.7166666666666667,True,-0.36197010760999293,5999,2040,1325.2415394805435,1424.1566469661411,eligible,-0.3861946201364822,5999,eligible,-0.1747368644268504,5999,eligible,-0.18302757807545444,5999,eligible,0.6407290292947412,5999,eligible
20250328_09-59-25.csv,artifacts/public_real_measurement_package_structure_audit_v1/downloads/zenodo_oran_video_kpi/20250328_09-59-25.csv,f40166882a0e05a6a8b272df99a2b18982b50e020d92b70939927abd9bc26d96,6000,percentage_divided_by_100,0.0,75.33333333333333,0.0,0.7533333333333333,True,-0.2805971602394091,6000,1215,1599.0597459810433,1102.0800384016397,eligible,-0.16304712444344238,6000,eligible,-0.0741217243608007,6000,eligible,0.20280790134151103,6000,eligible,0.3736578235506588,6000,eligible
20250328_10-01-58.csv,artifacts/public_real_measurement_package_structure_audit_v1/downloads/zenodo_oran_video_kpi/20250328_10-01-58.csv,ed06ef0f08d5d0474b0fd57caeff29713153ab70462332fc2e3b012a245a7281,6000,percentage_divided_by_100,0.0,66.66666666666667,0.0,0.6666666666666667,True,-0.3547840282692914,6000,1834,1668.866816128631,1386.1359907159515,eligible,-0.3668050211135875,6000,eligible,-0.19768557189211958,6000,eligible,-0.2528546892955961,6000,eligible,0.24956056541461943,6000,eligible
20250328_10-10-53.csv,artifacts/public_real_measurement_package_structure_audit_v1/downloads/zenodo_oran_video_kpi/20250328_10-10-53.csv,6faecbb6807c4b789f2e6c362db1721135badfac4bc9d3cf467254867f8cef2c,5999,percentage_divided_by_100,0.0,69.0,0.0,0.69,True,-0.16477160575169256,5999,2213,1721.673449658461,1154.2239322992293,eligible,-0.17235412129077674,5999,eligible,-0.06857058082015773,5999,eligible,-0.11345143481919388,5999,eligible,0.06864162679275046,5999,eligible
20250331_11-35-21.csv,artifacts/public_real_measurement_package_structure_audit_v1/downloads/zenodo_oran_video_kpi/20250331_11-35-21.csv,80750d1dc8395f9cb22f4de9275e31f16c611e58dd6136a072f376c9012ad50c,5850,percentage_divided_by_100,0.0,78.0,0.0,0.78,True,-0.3951600697207535,5850,2880,1539.9429251220624,1225.058589877764,eligible,-0.4140369800944078,5850,eligible,-0.2471157648102766,5850,eligible,-0.028193357542801282,5850,eligible,0.403741386534215,5850,eligible
20250331_11-44-52.csv,artifacts/public_real_measurement_package_structure_audit_v1/downloads/zenodo_oran_video_kpi/20250331_11-44-52.csv,806e72795ef9ee5a1d6c08659b1c525c015cde6b6ee31feca66afba212ff153f,5956,percentage_divided_by_100,0.0,70.0,0.0,0.7,True,-0.25697523568747543,5956,1172,1666.6835537960108,1321.9240294433407,eligible,-0.21964846805078062,5956,eligible,-0.12929500529248292,5956,eligible,0.1294815725835405,5956,eligible,0.24070645042142488,5956,eligible
20250331_11-50-40.csv,artifacts/public_real_measurement_package_structure_audit_v1/downloads/zenodo_oran_video_kpi/20250331_11-50-40.csv,f01b156e00cc8be33252bbaf86e4f69854b327eda1c98f8eec1ecd8b91e84d4d,6000,percentage_divided_by_100,0.0,70.0,0.0,0.7,True,-0.3016187957881379,6000,1664,1640.158054845807,1418.4455252397738,eligible,-0.2791020719295192,6000,eligible,-0.16669741455906983,6000,eligible,0.05931670029727598,6000,eligible,0.31636732552698865,6000,eligible
20250401_09-19-01.csv,artifacts/public_real_measurement_package_structure_audit_v1/downloads/zenodo_oran_video_kpi/20250401_09-19-01.csv,dc6ca41d20bb6dc923c41debb9d191037ea4afd3531df0a42bd1ab57d8a65134,5999,percentage_divided_by_100,0.0,66.66666666666667,0.0,0.6666666666666667,True,-0.11893962702006997,5999,1084,1723.349316770622,1443.7519177997312,eligible,-0.10238746432525286,5999,eligible,-0.052597653783128105,5999,eligible,0.2581618055112197,5999,eligible,0.08352985655054791,5999,eligible
20250401_09-22-28.csv,artifacts/public_real_measurement_package_structure_audit_v1/downloads/zenodo_oran_video_kpi/20250401_09-22-28.csv,adbe42449bf8091c3677cea238e875002efc4810fc0d86ae3c4ad4aa5f98e180,5996,percentage_divided_by_100,0.0,77.66666666666667,0.0,0.7766666666666667,True,-0.3118641588196533,5996,1488,1693.1315586813068,1454.4627133689655,eligible,-0.29539717514305175,5996,eligible,-0.1691673782873273,5996,eligible,0.08613266606654989,5996,eligible,0.19562011045310665,5996,eligible
