model_id,metric,baseline_minus_phyguard,cluster_bootstrap_ci_low,cluster_bootstrap_ci_high,cluster_bootstrap_two_sided_p,exact_repeat_signflip_p,valid_bootstrap_replicates,classification
ROCKET,selected_accuracy,-0.004223685008029898,-0.02985859498525988,0.021501155887361262,0.7496,0.5,10000,INCONCLUSIVE
ROCKET,coverage,0.10277777777777775,0.07438059611105408,0.13271301815122238,0.0,0.0625,10000,BASELINE_HIGHER
ROCKET,false_specific_rate,0.044444444444444446,-0.0019171895895557986,0.09226215992296599,0.061,0.125,10000,INCONCLUSIVE
ROCKET,physical_exact_match,0.09305555555555556,0.060688766103050754,0.12718166712926834,0.0,0.0625,10000,BASELINE_HIGHER
ROCKET,control_abstention,-0.04444444444444444,-0.09226215992296607,0.0019171895895558014,0.061,0.125,10000,INCONCLUSIVE
MINIROCKET,selected_accuracy,0.010091054435640956,-0.017731995645750884,0.03793982443565842,0.4796,0.375,10000,INCONCLUSIVE
MINIROCKET,coverage,0.11666666666666667,0.08569777243793715,0.15020205516214266,0.0,0.0625,10000,BASELINE_HIGHER
MINIROCKET,false_specific_rate,0.07777777777777778,0.02681253729691854,0.13115164345099717,0.0026,0.0625,10000,PHYGUARD_LOWER_RISK
MINIROCKET,physical_exact_match,0.11944444444444442,0.0863013613490456,0.15483915678821114,0.0,0.0625,10000,BASELINE_HIGHER
MINIROCKET,control_abstention,-0.07777777777777777,-0.13115164345099717,-0.026812537296918647,0.0026,0.0625,10000,PHYGUARD_HIGHER
MULTIROCKET,selected_accuracy,0.01842772867159208,-0.005293575409585,0.043248869687006614,0.1354,0.125,10000,INCONCLUSIVE
MULTIROCKET,coverage,0.11111111111111109,0.08061483574897625,0.14386636976696615,0.0,0.0625,10000,BASELINE_HIGHER
MULTIROCKET,false_specific_rate,0.07222222222222223,0.02509565032152257,0.12194564045520663,0.0034,0.0625,10000,PHYGUARD_LOWER_RISK
MULTIROCKET,physical_exact_match,0.1222222222222222,0.09100848858683928,0.15546920930415775,0.0,0.0625,10000,BASELINE_HIGHER
MULTIROCKET,control_abstention,-0.07222222222222219,-0.12194564045520696,-0.025095650321522518,0.0034,0.0625,10000,PHYGUARD_HIGHER
HYDRA,selected_accuracy,-0.40005761132449535,-0.42580500743043187,-0.37401715191137996,0.0,0.0625,10000,PHYGUARD_HIGHER
HYDRA,coverage,-0.2888888888888889,-0.3218675455701569,-0.25392031822721306,0.0,0.5,10000,PHYGUARD_HIGHER
HYDRA,false_specific_rate,0.075,0.032686125156546744,0.11871390426440727,0.001,0.375,10000,PHYGUARD_LOWER_RISK
HYDRA,physical_exact_match,-0.29305555555555557,-0.3297108218544537,-0.2549745685775347,0.0,0.4375,10000,PHYGUARD_HIGHER
HYDRA,control_abstention,-0.07499999999999996,-0.11871390426440721,-0.03268612515654669,0.001,0.375,10000,PHYGUARD_HIGHER
MULTIROCKET_HYDRA,selected_accuracy,0.02150159680501773,-0.003016399349598852,0.04654653484037777,0.085,0.125,10000,INCONCLUSIVE
MULTIROCKET_HYDRA,coverage,0.10833333333333335,0.07799188921235503,0.1404375799217684,0.0,0.0625,10000,BASELINE_HIGHER
MULTIROCKET_HYDRA,false_specific_rate,0.08055555555555556,0.030661525974025963,0.13320711789484893,0.0012,0.0625,10000,PHYGUARD_LOWER_RISK
MULTIROCKET_HYDRA,physical_exact_match,0.12222222222222219,0.09059267113093727,0.15500531273117818,0.0,0.0625,10000,BASELINE_HIGHER
MULTIROCKET_HYDRA,control_abstention,-0.08055555555555556,-0.13320711789484904,-0.03066152597402613,0.0012,0.0625,10000,PHYGUARD_HIGHER
ARSENAL,selected_accuracy,-0.0015390823007364717,-0.02407616055617935,0.02153270143919359,0.8902,0.8125,10000,INCONCLUSIVE
ARSENAL,coverage,0.09166666666666665,0.06372947307771937,0.12169820744689047,0.0,0.0625,10000,BASELINE_HIGHER
ARSENAL,false_specific_rate,0.044444444444444446,-0.004020656732780542,0.09577195061983802,0.077,0.125,10000,INCONCLUSIVE
ARSENAL,physical_exact_match,0.08472222222222221,0.05409715087631361,0.11802718638298437,0.0,0.0625,10000,BASELINE_HIGHER
ARSENAL,control_abstention,-0.04444444444444442,-0.09577195061983802,0.004020656732780417,0.077,0.125,10000,INCONCLUSIVE
FCN1D,selected_accuracy,-0.00019445945698299828,-0.027434294329869168,0.02709123677570977,0.9838,1.0,10000,INCONCLUSIVE
FCN1D,coverage,0.036111111111111135,-0.00022978471393915413,0.07337072829801944,0.0518,0.1875,10000,INCONCLUSIVE
FCN1D,false_specific_rate,0.061111111111111116,0.017197244123542288,0.10523888413601816,0.0052,0.25,10000,PHYGUARD_LOWER_RISK
FCN1D,physical_exact_match,0.033333333333333326,-0.004926257334417266,0.07155709527142752,0.0884,0.1875,10000,INCONCLUSIVE
FCN1D,control_abstention,-0.061111111111111074,-0.10523888413601816,-0.01719724412354227,0.0052,0.25,10000,PHYGUARD_HIGHER
RESNET1D,selected_accuracy,-0.010214586303378393,-0.03826998151032361,0.01772060297260821,0.4798,0.5,10000,INCONCLUSIVE
RESNET1D,coverage,0.04027777777777779,0.0037886285637232044,0.0778357818988135,0.0294,0.0625,10000,BASELINE_HIGHER
RESNET1D,false_specific_rate,0.08611111111111111,0.037322892158772575,0.13616293878914199,0.0006,0.0625,10000,PHYGUARD_LOWER_RISK
RESNET1D,physical_exact_match,0.029166666666666674,-0.01026555192684914,0.0696097764886229,0.142,0.5,10000,INCONCLUSIVE
RESNET1D,control_abstention,-0.08611111111111107,-0.1361629387891422,-0.037322892158772616,0.0006,0.0625,10000,PHYGUARD_HIGHER
INCEPTIONTIME_LITE,selected_accuracy,-0.006192915609015604,-0.032571628425800817,0.02061502598592557,0.6368,0.6875,10000,INCONCLUSIVE
INCEPTIONTIME_LITE,coverage,0.11805555555555555,0.08683760206259543,0.1517768933626554,0.0,0.0625,10000,BASELINE_HIGHER
INCEPTIONTIME_LITE,false_specific_rate,0.04166666666666667,-0.002950431953764611,0.08710477576780695,0.0664,0.25,10000,INCONCLUSIVE
INCEPTIONTIME_LITE,physical_exact_match,0.10555555555555556,0.07132319775058538,0.14121828792933952,0.0,0.0625,10000,BASELINE_HIGHER
INCEPTIONTIME_LITE,control_abstention,-0.04166666666666667,-0.08710477576780706,0.0029504319537647546,0.0664,0.25,10000,INCONCLUSIVE
LITE1D,selected_accuracy,-0.007579838833029507,-0.03455058344180807,0.019518083083638792,0.5808,0.25,10000,INCONCLUSIVE
LITE1D,coverage,-0.013888888888888885,-0.052684098128760924,0.025279597469202383,0.4904,0.6875,10000,INCONCLUSIVE
LITE1D,false_specific_rate,0.06388888888888891,0.01983918089425785,0.10856963632359197,0.0044,0.1875,10000,PHYGUARD_LOWER_RISK
LITE1D,physical_exact_match,-0.019444444444444466,-0.060338363692454676,0.022100435115480266,0.3684,0.5,10000,INCONCLUSIVE
LITE1D,control_abstention,-0.06388888888888884,-0.10856963632359216,-0.019839180894257954,0.0044,0.1875,10000,PHYGUARD_HIGHER
TCN,selected_accuracy,0.0015191479252501638,-0.027522980835613626,0.030340247516725205,0.927,0.9375,10000,INCONCLUSIVE
TCN,coverage,0.00277777777777779,-0.035995232182987835,0.042261428891062526,0.8798,1.0,10000,INCONCLUSIVE
TCN,false_specific_rate,0.08333333333333334,0.03685918736243281,0.1304874037871041,0.0004,0.0625,10000,PHYGUARD_LOWER_RISK
TCN,physical_exact_match,0.004166666666666652,-0.0387319700458944,0.046013562646768646,0.8484,0.9375,10000,INCONCLUSIVE
TCN,control_abstention,-0.0833333333333333,-0.13048740378710402,-0.03685918736243289,0.0004,0.0625,10000,PHYGUARD_HIGHER
BIGRU,selected_accuracy,-0.7031826836122584,-0.9430938627274852,-0.49653782090813725,0.0,0.0625,10000,PHYGUARD_HIGHER
BIGRU,coverage,-0.8194444444444444,-0.8557475039545753,-0.7816234350064775,0.0,0.0625,10000,PHYGUARD_HIGHER
BIGRU,false_specific_rate,-0.025,-0.053923874054773745,0.0026633828621158598,0.0752,0.3125,10000,INCONCLUSIVE
BIGRU,physical_exact_match,-0.7805555555555556,-0.8206442237241869,-0.73983303211824,0.0,0.0625,10000,PHYGUARD_HIGHER
BIGRU,control_abstention,0.025000000000000043,-0.002663382862115984,0.05392387405477365,0.0752,0.3125,10000,INCONCLUSIVE
BILSTM,selected_accuracy,-0.5691650883043404,-0.6311810915256673,-0.47175826244699476,0.0,0.0625,10000,PHYGUARD_HIGHER
BILSTM,coverage,-0.6347222222222222,-0.6748972824329923,-0.5936938550883009,0.0,0.0625,10000,PHYGUARD_HIGHER
BILSTM,false_specific_rate,-0.022222222222222223,-0.052910737822503016,0.0066760836441743625,0.1434,0.5,10000,INCONCLUSIVE
BILSTM,physical_exact_match,-0.6263888888888889,-0.667676698814148,-0.5847834381949164,0.0,0.0625,10000,PHYGUARD_HIGHER
BILSTM,control_abstention,0.022222222222222233,-0.006676083644174316,0.05291073782250288,0.1434,0.5,10000,INCONCLUSIVE
TINY_TRANSFORMER,selected_accuracy,-0.00143294504605187,-0.02566754934559404,0.022829562107967525,0.8964,0.8125,10000,INCONCLUSIVE
TINY_TRANSFORMER,coverage,0.07777777777777779,0.04277070274734349,0.11468064905738987,0.0,0.0625,10000,BASELINE_HIGHER
TINY_TRANSFORMER,false_specific_rate,0.03611111111111111,-0.00574141798083691,0.07917817032404112,0.0946,0.25,10000,INCONCLUSIVE
TINY_TRANSFORMER,physical_exact_match,0.07222222222222222,0.034953769391614424,0.11175559056187077,0.0,0.0625,10000,BASELINE_HIGHER
TINY_TRANSFORMER,control_abstention,-0.036111111111111094,-0.07917817032404122,0.0057414179808367655,0.0946,0.25,10000,INCONCLUSIVE
