model_id,metric,baseline_mean,phyguard_mean,baseline_minus_phyguard
ROCKET,selected_accuracy,0.9389589986042285,0.9431826836122583,-0.004223685008029898
ROCKET,coverage,0.9347222222222221,0.8319444444444445,0.10277777777777775
ROCKET,false_specific_rate,0.09999999999999999,0.05555555555555556,0.044444444444444446
ROCKET,physical_exact_match,0.8777777777777777,0.7847222222222221,0.09305555555555556
ROCKET,control_abstention,0.9,0.9444444444444444,-0.04444444444444444
MINIROCKET,selected_accuracy,0.9532737380478995,0.9431826836122583,0.010091054435640956
MINIROCKET,coverage,0.9486111111111111,0.8319444444444445,0.11666666666666667
MINIROCKET,false_specific_rate,0.13333333333333333,0.05555555555555556,0.07777777777777778
MINIROCKET,physical_exact_match,0.9041666666666666,0.7847222222222221,0.11944444444444442
MINIROCKET,control_abstention,0.8666666666666666,0.9444444444444444,-0.07777777777777777
MULTIROCKET,selected_accuracy,0.9616104122838506,0.9431826836122583,0.01842772867159208
MULTIROCKET,coverage,0.9430555555555553,0.8319444444444445,0.11111111111111109
MULTIROCKET,false_specific_rate,0.12777777777777777,0.05555555555555556,0.07222222222222223
MULTIROCKET,physical_exact_match,0.9069444444444444,0.7847222222222221,0.1222222222222222
MULTIROCKET,control_abstention,0.8722222222222221,0.9444444444444444,-0.07222222222222219
HYDRA,selected_accuracy,0.5431250722877631,0.9431826836122583,-0.40005761132449535
HYDRA,coverage,0.5430555555555555,0.8319444444444445,-0.2888888888888889
HYDRA,false_specific_rate,0.13055555555555554,0.05555555555555556,0.075
HYDRA,physical_exact_match,0.4916666666666666,0.7847222222222221,-0.29305555555555557
HYDRA,control_abstention,0.8694444444444445,0.9444444444444444,-0.07499999999999996
MULTIROCKET_HYDRA,selected_accuracy,0.9646842804172762,0.9431826836122583,0.02150159680501773
MULTIROCKET_HYDRA,coverage,0.9402777777777777,0.8319444444444445,0.10833333333333335
MULTIROCKET_HYDRA,false_specific_rate,0.13611111111111113,0.05555555555555556,0.08055555555555556
MULTIROCKET_HYDRA,physical_exact_match,0.9069444444444444,0.7847222222222221,0.12222222222222219
MULTIROCKET_HYDRA,control_abstention,0.8638888888888889,0.9444444444444444,-0.08055555555555556
ARSENAL,selected_accuracy,0.941643601311522,0.9431826836122583,-0.0015390823007364717
ARSENAL,coverage,0.923611111111111,0.8319444444444445,0.09166666666666665
ARSENAL,false_specific_rate,0.1,0.05555555555555556,0.044444444444444446
ARSENAL,physical_exact_match,0.8694444444444445,0.7847222222222221,0.08472222222222221
ARSENAL,control_abstention,0.9,0.9444444444444444,-0.04444444444444442
FCN1D,selected_accuracy,0.9429882241552754,0.9431826836122583,-0.00019445945698299828
FCN1D,coverage,0.8680555555555556,0.8319444444444445,0.036111111111111135
FCN1D,false_specific_rate,0.11666666666666665,0.05555555555555556,0.061111111111111116
FCN1D,physical_exact_match,0.8180555555555555,0.7847222222222221,0.033333333333333326
FCN1D,control_abstention,0.8833333333333332,0.9444444444444444,-0.061111111111111074
RESNET1D,selected_accuracy,0.9329680973088801,0.9431826836122583,-0.010214586303378393
RESNET1D,coverage,0.8722222222222223,0.8319444444444445,0.04027777777777779
RESNET1D,false_specific_rate,0.14166666666666666,0.05555555555555556,0.08611111111111111
RESNET1D,physical_exact_match,0.8138888888888889,0.7847222222222221,0.029166666666666674
RESNET1D,control_abstention,0.8583333333333332,0.9444444444444444,-0.08611111111111107
INCEPTIONTIME_LITE,selected_accuracy,0.9369897680032429,0.9431826836122583,-0.006192915609015604
INCEPTIONTIME_LITE,coverage,0.95,0.8319444444444445,0.11805555555555555
INCEPTIONTIME_LITE,false_specific_rate,0.09722222222222222,0.05555555555555556,0.04166666666666667
INCEPTIONTIME_LITE,physical_exact_match,0.8902777777777777,0.7847222222222221,0.10555555555555556
INCEPTIONTIME_LITE,control_abstention,0.9027777777777777,0.9444444444444444,-0.04166666666666667
LITE1D,selected_accuracy,0.9356028447792291,0.9431826836122583,-0.007579838833029507
LITE1D,coverage,0.8180555555555558,0.8319444444444445,-0.013888888888888885
LITE1D,false_specific_rate,0.11944444444444444,0.05555555555555556,0.06388888888888891
LITE1D,physical_exact_match,0.7652777777777777,0.7847222222222221,-0.019444444444444466
LITE1D,control_abstention,0.8805555555555555,0.9444444444444444,-0.06388888888888884
TCN,selected_accuracy,0.9447018315375086,0.9431826836122583,0.0015191479252501638
TCN,coverage,0.8347222222222224,0.8319444444444445,0.00277777777777779
TCN,false_specific_rate,0.1388888888888889,0.05555555555555556,0.08333333333333334
TCN,physical_exact_match,0.788888888888889,0.7847222222222221,0.004166666666666652
TCN,control_abstention,0.861111111111111,0.9444444444444444,-0.0833333333333333
BIGRU,selected_accuracy,0.24,0.9431826836122583,-0.7031826836122584
BIGRU,coverage,0.0125,0.8319444444444445,-0.8194444444444444
BIGRU,false_specific_rate,0.030555555555555558,0.05555555555555556,-0.025
BIGRU,physical_exact_match,0.004166666666666667,0.7847222222222221,-0.7805555555555556
BIGRU,control_abstention,0.9694444444444444,0.9444444444444444,0.025000000000000043
BILSTM,selected_accuracy,0.3740175953079179,0.9431826836122583,-0.5691650883043404
BILSTM,coverage,0.19722222222222224,0.8319444444444445,-0.6347222222222222
BILSTM,false_specific_rate,0.03333333333333333,0.05555555555555556,-0.022222222222222223
BILSTM,physical_exact_match,0.15833333333333335,0.7847222222222221,-0.6263888888888889
BILSTM,control_abstention,0.9666666666666666,0.9444444444444444,0.022222222222222233
TINY_TRANSFORMER,selected_accuracy,0.9417497385662065,0.9431826836122583,-0.00143294504605187
TINY_TRANSFORMER,coverage,0.9097222222222221,0.8319444444444445,0.07777777777777779
TINY_TRANSFORMER,false_specific_rate,0.09166666666666666,0.05555555555555556,0.03611111111111111
TINY_TRANSFORMER,physical_exact_match,0.8569444444444445,0.7847222222222221,0.07222222222222222
TINY_TRANSFORMER,control_abstention,0.9083333333333332,0.9444444444444444,-0.036111111111111094
