model_id,metric,repeat,baseline_value,phyguard_value,baseline_minus_phyguard
ROCKET,selected_accuracy,0,0.916030534351145,0.9292035398230089,-0.013173005471863841
ROCKET,selected_accuracy,1,0.9562043795620438,0.9504132231404959,0.005791156421547927
ROCKET,selected_accuracy,2,0.9197080291970803,0.9354838709677419,-0.015775841770661603
ROCKET,selected_accuracy,3,0.946969696969697,0.9344262295081968,0.012543467461500257
ROCKET,selected_accuracy,4,0.9558823529411765,0.9663865546218487,-0.010504201680672232
ROCKET,coverage,0,0.9097222222222222,0.7847222222222222,0.125
ROCKET,coverage,1,0.9513888888888888,0.8402777777777778,0.11111111111111105
ROCKET,coverage,2,0.9513888888888888,0.8611111111111112,0.09027777777777768
ROCKET,coverage,3,0.9166666666666666,0.8472222222222222,0.06944444444444442
ROCKET,coverage,4,0.9444444444444444,0.8263888888888888,0.11805555555555558
ROCKET,false_specific_rate,0,0.125,0.05555555555555555,0.06944444444444445
ROCKET,false_specific_rate,1,0.08333333333333333,0.05555555555555555,0.027777777777777776
ROCKET,false_specific_rate,2,0.1111111111111111,0.027777777777777776,0.08333333333333333
ROCKET,false_specific_rate,3,0.06944444444444445,0.08333333333333333,-0.013888888888888881
ROCKET,false_specific_rate,4,0.1111111111111111,0.05555555555555555,0.05555555555555555
ROCKET,physical_exact_match,0,0.8333333333333334,0.7291666666666666,0.10416666666666674
ROCKET,physical_exact_match,1,0.9097222222222222,0.7986111111111112,0.11111111111111105
ROCKET,physical_exact_match,2,0.875,0.8055555555555556,0.06944444444444442
ROCKET,physical_exact_match,3,0.8680555555555556,0.7916666666666666,0.07638888888888895
ROCKET,physical_exact_match,4,0.9027777777777778,0.7986111111111112,0.10416666666666663
ROCKET,control_abstention,0,0.875,0.9444444444444444,-0.06944444444444442
ROCKET,control_abstention,1,0.9166666666666666,0.9444444444444444,-0.02777777777777779
ROCKET,control_abstention,2,0.8888888888888888,0.9722222222222222,-0.08333333333333337
ROCKET,control_abstention,3,0.9305555555555556,0.9166666666666666,0.01388888888888895
ROCKET,control_abstention,4,0.8888888888888888,0.9444444444444444,-0.05555555555555558
MINIROCKET,selected_accuracy,0,0.9558823529411765,0.9292035398230089,0.026678813118167666
MINIROCKET,selected_accuracy,1,0.935251798561151,0.9504132231404959,-0.015161424579344884
MINIROCKET,selected_accuracy,2,0.9703703703703703,0.9354838709677419,0.034886499402628446
MINIROCKET,selected_accuracy,3,0.9552238805970149,0.9344262295081968,0.020797651088818148
MINIROCKET,selected_accuracy,4,0.9496402877697842,0.9663865546218487,-0.016746266852064595
MINIROCKET,coverage,0,0.9444444444444444,0.7847222222222222,0.1597222222222222
MINIROCKET,coverage,1,0.9652777777777778,0.8402777777777778,0.125
MINIROCKET,coverage,2,0.9375,0.8611111111111112,0.07638888888888884
MINIROCKET,coverage,3,0.9305555555555556,0.8472222222222222,0.08333333333333337
MINIROCKET,coverage,4,0.9652777777777778,0.8263888888888888,0.13888888888888895
MINIROCKET,false_specific_rate,0,0.1111111111111111,0.05555555555555555,0.05555555555555555
MINIROCKET,false_specific_rate,1,0.1111111111111111,0.05555555555555555,0.05555555555555555
MINIROCKET,false_specific_rate,2,0.16666666666666666,0.027777777777777776,0.1388888888888889
MINIROCKET,false_specific_rate,3,0.1111111111111111,0.08333333333333333,0.027777777777777776
MINIROCKET,false_specific_rate,4,0.16666666666666666,0.05555555555555555,0.1111111111111111
MINIROCKET,physical_exact_match,0,0.9027777777777778,0.7291666666666666,0.17361111111111116
MINIROCKET,physical_exact_match,1,0.9027777777777778,0.7986111111111112,0.10416666666666663
MINIROCKET,physical_exact_match,2,0.9097222222222222,0.8055555555555556,0.10416666666666663
MINIROCKET,physical_exact_match,3,0.8888888888888888,0.7916666666666666,0.09722222222222221
MINIROCKET,physical_exact_match,4,0.9166666666666666,0.7986111111111112,0.11805555555555547
MINIROCKET,control_abstention,0,0.8888888888888888,0.9444444444444444,-0.05555555555555558
MINIROCKET,control_abstention,1,0.8888888888888888,0.9444444444444444,-0.05555555555555558
MINIROCKET,control_abstention,2,0.8333333333333334,0.9722222222222222,-0.13888888888888884
MINIROCKET,control_abstention,3,0.8888888888888888,0.9166666666666666,-0.02777777777777779
MINIROCKET,control_abstention,4,0.8333333333333334,0.9444444444444444,-0.11111111111111105
MULTIROCKET,selected_accuracy,0,0.9407407407407408,0.9292035398230089,0.011537200917731916
MULTIROCKET,selected_accuracy,1,0.9787234042553191,0.9504132231404959,0.028310181114823196
MULTIROCKET,selected_accuracy,2,0.9696969696969697,0.9354838709677419,0.03421309872922784
MULTIROCKET,selected_accuracy,3,0.9626865671641791,0.9344262295081968,0.028260337655982348
MULTIROCKET,selected_accuracy,4,0.9562043795620438,0.9663865546218487,-0.010182175059804899
MULTIROCKET,coverage,0,0.9375,0.7847222222222222,0.1527777777777778
MULTIROCKET,coverage,1,0.9791666666666666,0.8402777777777778,0.13888888888888884
MULTIROCKET,coverage,2,0.9166666666666666,0.8611111111111112,0.05555555555555547
MULTIROCKET,coverage,3,0.9305555555555556,0.8472222222222222,0.08333333333333337
MULTIROCKET,coverage,4,0.9513888888888888,0.8263888888888888,0.125
MULTIROCKET,false_specific_rate,0,0.09722222222222222,0.05555555555555555,0.04166666666666667
MULTIROCKET,false_specific_rate,1,0.1527777777777778,0.05555555555555555,0.09722222222222224
MULTIROCKET,false_specific_rate,2,0.19444444444444445,0.027777777777777776,0.16666666666666669
MULTIROCKET,false_specific_rate,3,0.09722222222222222,0.08333333333333333,0.013888888888888895
MULTIROCKET,false_specific_rate,4,0.09722222222222222,0.05555555555555555,0.04166666666666667
MULTIROCKET,physical_exact_match,0,0.8819444444444444,0.7291666666666666,0.1527777777777778
MULTIROCKET,physical_exact_match,1,0.9583333333333334,0.7986111111111112,0.1597222222222222
MULTIROCKET,physical_exact_match,2,0.8888888888888888,0.8055555555555556,0.08333333333333326
MULTIROCKET,physical_exact_match,3,0.8958333333333334,0.7916666666666666,0.10416666666666674
MULTIROCKET,physical_exact_match,4,0.9097222222222222,0.7986111111111112,0.11111111111111105
MULTIROCKET,control_abstention,0,0.9027777777777778,0.9444444444444444,-0.04166666666666663
MULTIROCKET,control_abstention,1,0.8472222222222222,0.9444444444444444,-0.09722222222222221
MULTIROCKET,control_abstention,2,0.8055555555555556,0.9722222222222222,-0.16666666666666663
MULTIROCKET,control_abstention,3,0.9027777777777778,0.9166666666666666,-0.01388888888888884
MULTIROCKET,control_abstention,4,0.9027777777777778,0.9444444444444444,-0.04166666666666663
HYDRA,selected_accuracy,0,0.0,0.9292035398230089,-0.9292035398230089
HYDRA,selected_accuracy,1,0.9312977099236641,0.9504132231404959,-0.019115513216831803
HYDRA,selected_accuracy,2,0.8828125,0.9354838709677419,-0.05267137096774188
HYDRA,selected_accuracy,3,0.0,0.9344262295081968,-0.9344262295081968
HYDRA,selected_accuracy,4,0.9015151515151515,0.9663865546218487,-0.06487140310669726
HYDRA,coverage,0,0.0,0.7847222222222222,-0.7847222222222222
HYDRA,coverage,1,0.9097222222222222,0.8402777777777778,0.06944444444444442
HYDRA,coverage,2,0.8888888888888888,0.8611111111111112,0.02777777777777768
HYDRA,coverage,3,0.0,0.8472222222222222,-0.8472222222222222
HYDRA,coverage,4,0.9166666666666666,0.8263888888888888,0.09027777777777779
HYDRA,false_specific_rate,0,0.0,0.05555555555555555,-0.05555555555555555
HYDRA,false_specific_rate,1,0.16666666666666666,0.05555555555555555,0.1111111111111111
HYDRA,false_specific_rate,2,0.3194444444444444,0.027777777777777776,0.29166666666666663
HYDRA,false_specific_rate,3,0.0,0.08333333333333333,-0.08333333333333333
HYDRA,false_specific_rate,4,0.16666666666666666,0.05555555555555555,0.1111111111111111
HYDRA,physical_exact_match,0,0.0,0.7291666666666666,-0.7291666666666666
HYDRA,physical_exact_match,1,0.8472222222222222,0.7986111111111112,0.04861111111111105
HYDRA,physical_exact_match,2,0.7847222222222222,0.8055555555555556,-0.02083333333333337
HYDRA,physical_exact_match,3,0.0,0.7916666666666666,-0.7916666666666666
HYDRA,physical_exact_match,4,0.8263888888888888,0.7986111111111112,0.02777777777777768
HYDRA,control_abstention,0,1.0,0.9444444444444444,0.05555555555555558
HYDRA,control_abstention,1,0.8333333333333334,0.9444444444444444,-0.11111111111111105
HYDRA,control_abstention,2,0.6805555555555556,0.9722222222222222,-0.29166666666666663
HYDRA,control_abstention,3,1.0,0.9166666666666666,0.08333333333333337
HYDRA,control_abstention,4,0.8333333333333334,0.9444444444444444,-0.11111111111111105
MULTIROCKET_HYDRA,selected_accuracy,0,0.9481481481481482,0.9292035398230089,0.018944608325139334
MULTIROCKET_HYDRA,selected_accuracy,1,0.9716312056737588,0.9504132231404959,0.021217982533262902
MULTIROCKET_HYDRA,selected_accuracy,2,0.9769230769230769,0.9354838709677419,0.04143920595533501
MULTIROCKET_HYDRA,selected_accuracy,3,0.9774436090225563,0.9344262295081968,0.04301737951435958
MULTIROCKET_HYDRA,selected_accuracy,4,0.9492753623188406,0.9663865546218487,-0.01711119230300817
MULTIROCKET_HYDRA,coverage,0,0.9375,0.7847222222222222,0.1527777777777778
MULTIROCKET_HYDRA,coverage,1,0.9791666666666666,0.8402777777777778,0.13888888888888884
MULTIROCKET_HYDRA,coverage,2,0.9027777777777778,0.8611111111111112,0.04166666666666663
MULTIROCKET_HYDRA,coverage,3,0.9236111111111112,0.8472222222222222,0.07638888888888895
MULTIROCKET_HYDRA,coverage,4,0.9583333333333334,0.8263888888888888,0.13194444444444453
MULTIROCKET_HYDRA,false_specific_rate,0,0.1111111111111111,0.05555555555555555,0.05555555555555555
MULTIROCKET_HYDRA,false_specific_rate,1,0.1527777777777778,0.05555555555555555,0.09722222222222224
MULTIROCKET_HYDRA,false_specific_rate,2,0.18055555555555555,0.027777777777777776,0.1527777777777778
MULTIROCKET_HYDRA,false_specific_rate,3,0.125,0.08333333333333333,0.04166666666666667
MULTIROCKET_HYDRA,false_specific_rate,4,0.1111111111111111,0.05555555555555555,0.05555555555555555
MULTIROCKET_HYDRA,physical_exact_match,0,0.8888888888888888,0.7291666666666666,0.1597222222222222
MULTIROCKET_HYDRA,physical_exact_match,1,0.9513888888888888,0.7986111111111112,0.15277777777777768
MULTIROCKET_HYDRA,physical_exact_match,2,0.8819444444444444,0.8055555555555556,0.07638888888888884
MULTIROCKET_HYDRA,physical_exact_match,3,0.9027777777777778,0.7916666666666666,0.11111111111111116
MULTIROCKET_HYDRA,physical_exact_match,4,0.9097222222222222,0.7986111111111112,0.11111111111111105
MULTIROCKET_HYDRA,control_abstention,0,0.8888888888888888,0.9444444444444444,-0.05555555555555558
MULTIROCKET_HYDRA,control_abstention,1,0.8472222222222222,0.9444444444444444,-0.09722222222222221
MULTIROCKET_HYDRA,control_abstention,2,0.8194444444444444,0.9722222222222222,-0.1527777777777778
MULTIROCKET_HYDRA,control_abstention,3,0.875,0.9166666666666666,-0.04166666666666663
MULTIROCKET_HYDRA,control_abstention,4,0.8888888888888888,0.9444444444444444,-0.05555555555555558
ARSENAL,selected_accuracy,0,0.9172932330827067,0.9292035398230089,-0.011910306740302135
ARSENAL,selected_accuracy,1,0.948905109489051,0.9504132231404959,-0.0015081136514448756
ARSENAL,selected_accuracy,2,0.9318181818181818,0.9354838709677419,-0.003665689149560114
ARSENAL,selected_accuracy,3,0.9763779527559056,0.9344262295081968,0.041951723247708794
ARSENAL,selected_accuracy,4,0.9338235294117647,0.9663865546218487,-0.03256302521008403
ARSENAL,coverage,0,0.9236111111111112,0.7847222222222222,0.13888888888888895
ARSENAL,coverage,1,0.9513888888888888,0.8402777777777778,0.11111111111111105
ARSENAL,coverage,2,0.9166666666666666,0.8611111111111112,0.05555555555555547
ARSENAL,coverage,3,0.8819444444444444,0.8472222222222222,0.03472222222222221
ARSENAL,coverage,4,0.9444444444444444,0.8263888888888888,0.11805555555555558
ARSENAL,false_specific_rate,0,0.1111111111111111,0.05555555555555555,0.05555555555555555
ARSENAL,false_specific_rate,1,0.09722222222222222,0.05555555555555555,0.04166666666666667
ARSENAL,false_specific_rate,2,0.09722222222222222,0.027777777777777776,0.06944444444444445
ARSENAL,false_specific_rate,3,0.06944444444444445,0.08333333333333333,-0.013888888888888881
ARSENAL,false_specific_rate,4,0.125,0.05555555555555555,0.06944444444444445
ARSENAL,physical_exact_match,0,0.8472222222222222,0.7291666666666666,0.11805555555555558
ARSENAL,physical_exact_match,1,0.9027777777777778,0.7986111111111112,0.10416666666666663
ARSENAL,physical_exact_match,2,0.8541666666666666,0.8055555555555556,0.04861111111111105
ARSENAL,physical_exact_match,3,0.8611111111111112,0.7916666666666666,0.06944444444444453
ARSENAL,physical_exact_match,4,0.8819444444444444,0.7986111111111112,0.08333333333333326
ARSENAL,control_abstention,0,0.8888888888888888,0.9444444444444444,-0.05555555555555558
ARSENAL,control_abstention,1,0.9027777777777778,0.9444444444444444,-0.04166666666666663
ARSENAL,control_abstention,2,0.9027777777777778,0.9722222222222222,-0.06944444444444442
ARSENAL,control_abstention,3,0.9305555555555556,0.9166666666666666,0.01388888888888895
ARSENAL,control_abstention,4,0.875,0.9444444444444444,-0.06944444444444442
FCN1D,selected_accuracy,0,0.9312977099236641,0.9292035398230089,0.002094170100655268
FCN1D,selected_accuracy,1,0.96,0.9504132231404959,0.009586776859504043
FCN1D,selected_accuracy,2,0.9069767441860465,0.9354838709677419,-0.028507126781695424
FCN1D,selected_accuracy,3,0.9666666666666667,0.9344262295081968,0.032240437158469915
FCN1D,selected_accuracy,4,0.95,0.9663865546218487,-0.016386554621848792
FCN1D,coverage,0,0.9097222222222222,0.7847222222222222,0.125
FCN1D,coverage,1,0.8680555555555556,0.8402777777777778,0.02777777777777779
FCN1D,coverage,2,0.8958333333333334,0.8611111111111112,0.03472222222222221
FCN1D,coverage,3,0.8333333333333334,0.8472222222222222,-0.01388888888888884
FCN1D,coverage,4,0.8333333333333334,0.8263888888888888,0.006944444444444531
FCN1D,false_specific_rate,0,0.20833333333333334,0.05555555555555555,0.1527777777777778
FCN1D,false_specific_rate,1,0.041666666666666664,0.05555555555555555,-0.013888888888888888
FCN1D,false_specific_rate,2,0.09722222222222222,0.027777777777777776,0.06944444444444445
FCN1D,false_specific_rate,3,0.06944444444444445,0.08333333333333333,-0.013888888888888881
FCN1D,false_specific_rate,4,0.16666666666666666,0.05555555555555555,0.1111111111111111
FCN1D,physical_exact_match,0,0.8472222222222222,0.7291666666666666,0.11805555555555558
FCN1D,physical_exact_match,1,0.8333333333333334,0.7986111111111112,0.03472222222222221
FCN1D,physical_exact_match,2,0.8125,0.8055555555555556,0.00694444444444442
FCN1D,physical_exact_match,3,0.8055555555555556,0.7916666666666666,0.01388888888888895
FCN1D,physical_exact_match,4,0.7916666666666666,0.7986111111111112,-0.006944444444444531
FCN1D,control_abstention,0,0.7916666666666666,0.9444444444444444,-0.1527777777777778
FCN1D,control_abstention,1,0.9583333333333334,0.9444444444444444,0.01388888888888895
FCN1D,control_abstention,2,0.9027777777777778,0.9722222222222222,-0.06944444444444442
FCN1D,control_abstention,3,0.9305555555555556,0.9166666666666666,0.01388888888888895
FCN1D,control_abstention,4,0.8333333333333334,0.9444444444444444,-0.11111111111111105
RESNET1D,selected_accuracy,0,0.944,0.9292035398230089,0.0147964601769911
RESNET1D,selected_accuracy,1,0.9689922480620154,0.9504132231404959,0.018579024921519527
RESNET1D,selected_accuracy,2,0.928,0.9354838709677419,-0.007483870967741835
RESNET1D,selected_accuracy,3,0.8888888888888888,0.9344262295081968,-0.04553734061930792
RESNET1D,selected_accuracy,4,0.9349593495934959,0.9663865546218487,-0.031427205028352834
RESNET1D,coverage,0,0.8680555555555556,0.7847222222222222,0.08333333333333337
RESNET1D,coverage,1,0.8958333333333334,0.8402777777777778,0.05555555555555558
RESNET1D,coverage,2,0.8680555555555556,0.8611111111111112,0.00694444444444442
RESNET1D,coverage,3,0.875,0.8472222222222222,0.02777777777777779
RESNET1D,coverage,4,0.8541666666666666,0.8263888888888888,0.02777777777777779
RESNET1D,false_specific_rate,0,0.09722222222222222,0.05555555555555555,0.04166666666666667
RESNET1D,false_specific_rate,1,0.125,0.05555555555555555,0.06944444444444445
RESNET1D,false_specific_rate,2,0.19444444444444445,0.027777777777777776,0.16666666666666669
RESNET1D,false_specific_rate,3,0.125,0.08333333333333333,0.04166666666666667
RESNET1D,false_specific_rate,4,0.16666666666666666,0.05555555555555555,0.1111111111111111
RESNET1D,physical_exact_match,0,0.8194444444444444,0.7291666666666666,0.09027777777777779
RESNET1D,physical_exact_match,1,0.8680555555555556,0.7986111111111112,0.06944444444444442
RESNET1D,physical_exact_match,2,0.8055555555555556,0.8055555555555556,0.0
RESNET1D,physical_exact_match,3,0.7777777777777778,0.7916666666666666,-0.01388888888888884
RESNET1D,physical_exact_match,4,0.7986111111111112,0.7986111111111112,0.0
RESNET1D,control_abstention,0,0.9027777777777778,0.9444444444444444,-0.04166666666666663
RESNET1D,control_abstention,1,0.875,0.9444444444444444,-0.06944444444444442
RESNET1D,control_abstention,2,0.8055555555555556,0.9722222222222222,-0.16666666666666663
RESNET1D,control_abstention,3,0.875,0.9166666666666666,-0.04166666666666663
RESNET1D,control_abstention,4,0.8333333333333334,0.9444444444444444,-0.11111111111111105
INCEPTIONTIME_LITE,selected_accuracy,0,0.9338235294117647,0.9292035398230089,0.004619989588755868
INCEPTIONTIME_LITE,selected_accuracy,1,0.9420289855072463,0.9504132231404959,-0.00838423763324958
INCEPTIONTIME_LITE,selected_accuracy,2,0.9571428571428572,0.9354838709677419,0.021658986175115302
INCEPTIONTIME_LITE,selected_accuracy,3,0.9328358208955224,0.9344262295081968,-0.0015904086126743433
INCEPTIONTIME_LITE,selected_accuracy,4,0.9191176470588235,0.9663865546218487,-0.047268907563025264
INCEPTIONTIME_LITE,coverage,0,0.9444444444444444,0.7847222222222222,0.1597222222222222
INCEPTIONTIME_LITE,coverage,1,0.9583333333333334,0.8402777777777778,0.11805555555555558
INCEPTIONTIME_LITE,coverage,2,0.9722222222222222,0.8611111111111112,0.11111111111111105
INCEPTIONTIME_LITE,coverage,3,0.9305555555555556,0.8472222222222222,0.08333333333333337
INCEPTIONTIME_LITE,coverage,4,0.9444444444444444,0.8263888888888888,0.11805555555555558
INCEPTIONTIME_LITE,false_specific_rate,0,0.08333333333333333,0.05555555555555555,0.027777777777777776
INCEPTIONTIME_LITE,false_specific_rate,1,0.05555555555555555,0.05555555555555555,0.0
INCEPTIONTIME_LITE,false_specific_rate,2,0.1111111111111111,0.027777777777777776,0.08333333333333333
INCEPTIONTIME_LITE,false_specific_rate,3,0.08333333333333333,0.08333333333333333,0.0
INCEPTIONTIME_LITE,false_specific_rate,4,0.1527777777777778,0.05555555555555555,0.09722222222222224
INCEPTIONTIME_LITE,physical_exact_match,0,0.8819444444444444,0.7291666666666666,0.1527777777777778
INCEPTIONTIME_LITE,physical_exact_match,1,0.9027777777777778,0.7986111111111112,0.10416666666666663
INCEPTIONTIME_LITE,physical_exact_match,2,0.9305555555555556,0.8055555555555556,0.125
INCEPTIONTIME_LITE,physical_exact_match,3,0.8680555555555556,0.7916666666666666,0.07638888888888895
INCEPTIONTIME_LITE,physical_exact_match,4,0.8680555555555556,0.7986111111111112,0.06944444444444442
INCEPTIONTIME_LITE,control_abstention,0,0.9166666666666666,0.9444444444444444,-0.02777777777777779
INCEPTIONTIME_LITE,control_abstention,1,0.9444444444444444,0.9444444444444444,0.0
INCEPTIONTIME_LITE,control_abstention,2,0.8888888888888888,0.9722222222222222,-0.08333333333333337
INCEPTIONTIME_LITE,control_abstention,3,0.9166666666666666,0.9166666666666666,0.0
INCEPTIONTIME_LITE,control_abstention,4,0.8472222222222222,0.9444444444444444,-0.09722222222222221
LITE1D,selected_accuracy,0,0.9262295081967213,0.9292035398230089,-0.00297403162628751
LITE1D,selected_accuracy,1,0.9537037037037037,0.9504132231404959,0.0032904805632077982
LITE1D,selected_accuracy,2,0.9067796610169492,0.9354838709677419,-0.028704209950792703
LITE1D,selected_accuracy,3,0.9316239316239316,0.9344262295081968,-0.0028022978842651147
LITE1D,selected_accuracy,4,0.9596774193548387,0.9663865546218487,-0.006709135267010002
LITE1D,coverage,0,0.8472222222222222,0.7847222222222222,0.0625
LITE1D,coverage,1,0.75,0.8402777777777778,-0.09027777777777779
LITE1D,coverage,2,0.8194444444444444,0.8611111111111112,-0.04166666666666674
LITE1D,coverage,3,0.8125,0.8472222222222222,-0.03472222222222221
LITE1D,coverage,4,0.8611111111111112,0.8263888888888888,0.03472222222222232
LITE1D,false_specific_rate,0,0.1388888888888889,0.05555555555555555,0.08333333333333334
LITE1D,false_specific_rate,1,0.013888888888888888,0.05555555555555555,-0.041666666666666664
LITE1D,false_specific_rate,2,0.19444444444444445,0.027777777777777776,0.16666666666666669
LITE1D,false_specific_rate,3,0.125,0.08333333333333333,0.04166666666666667
LITE1D,false_specific_rate,4,0.125,0.05555555555555555,0.06944444444444445
LITE1D,physical_exact_match,0,0.7847222222222222,0.7291666666666666,0.05555555555555558
LITE1D,physical_exact_match,1,0.7152777777777778,0.7986111111111112,-0.08333333333333337
LITE1D,physical_exact_match,2,0.7430555555555556,0.8055555555555556,-0.0625
LITE1D,physical_exact_match,3,0.7569444444444444,0.7916666666666666,-0.03472222222222221
LITE1D,physical_exact_match,4,0.8263888888888888,0.7986111111111112,0.02777777777777768
LITE1D,control_abstention,0,0.8611111111111112,0.9444444444444444,-0.08333333333333326
LITE1D,control_abstention,1,0.9861111111111112,0.9444444444444444,0.04166666666666674
LITE1D,control_abstention,2,0.8055555555555556,0.9722222222222222,-0.16666666666666663
LITE1D,control_abstention,3,0.875,0.9166666666666666,-0.04166666666666663
LITE1D,control_abstention,4,0.875,0.9444444444444444,-0.06944444444444442
TCN,selected_accuracy,0,0.9180327868852459,0.9292035398230089,-0.011170752937762929
TCN,selected_accuracy,1,0.9512195121951219,0.9504132231404959,0.000806289054625986
TCN,selected_accuracy,2,0.9345794392523364,0.9354838709677419,-0.0009044317154054404
TCN,selected_accuracy,3,0.9596774193548387,0.9344262295081968,0.025251189846641986
TCN,selected_accuracy,4,0.96,0.9663865546218487,-0.006386554621848783
TCN,coverage,0,0.8472222222222222,0.7847222222222222,0.0625
TCN,coverage,1,0.8541666666666666,0.8402777777777778,0.01388888888888884
TCN,coverage,2,0.7430555555555556,0.8611111111111112,-0.11805555555555558
TCN,coverage,3,0.8611111111111112,0.8472222222222222,0.01388888888888895
TCN,coverage,4,0.8680555555555556,0.8263888888888888,0.04166666666666674
TCN,false_specific_rate,0,0.19444444444444445,0.05555555555555555,0.1388888888888889
TCN,false_specific_rate,1,0.09722222222222222,0.05555555555555555,0.04166666666666667
TCN,false_specific_rate,2,0.16666666666666666,0.027777777777777776,0.1388888888888889
TCN,false_specific_rate,3,0.1111111111111111,0.08333333333333333,0.027777777777777776
TCN,false_specific_rate,4,0.125,0.05555555555555555,0.06944444444444445
TCN,physical_exact_match,0,0.7777777777777778,0.7291666666666666,0.04861111111111116
TCN,physical_exact_match,1,0.8125,0.7986111111111112,0.01388888888888884
TCN,physical_exact_match,2,0.6944444444444444,0.8055555555555556,-0.11111111111111116
TCN,physical_exact_match,3,0.8263888888888888,0.7916666666666666,0.03472222222222221
TCN,physical_exact_match,4,0.8333333333333334,0.7986111111111112,0.03472222222222221
TCN,control_abstention,0,0.8055555555555556,0.9444444444444444,-0.13888888888888884
TCN,control_abstention,1,0.9027777777777778,0.9444444444444444,-0.04166666666666663
TCN,control_abstention,2,0.8333333333333334,0.9722222222222222,-0.13888888888888884
TCN,control_abstention,3,0.8888888888888888,0.9166666666666666,-0.02777777777777779
TCN,control_abstention,4,0.875,0.9444444444444444,-0.06944444444444442
BIGRU,selected_accuracy,0,0.0,0.9292035398230089,-0.9292035398230089
BIGRU,selected_accuracy,1,0.0,0.9504132231404959,-0.9504132231404959
BIGRU,selected_accuracy,2,0.2,0.9354838709677419,-0.7354838709677418
BIGRU,selected_accuracy,3,0.5,0.9344262295081968,-0.43442622950819676
BIGRU,selected_accuracy,4,0.5,0.9663865546218487,-0.46638655462184875
BIGRU,coverage,0,0.0,0.7847222222222222,-0.7847222222222222
BIGRU,coverage,1,0.0,0.8402777777777778,-0.8402777777777778
BIGRU,coverage,2,0.034722222222222224,0.8611111111111112,-0.826388888888889
BIGRU,coverage,3,0.013888888888888888,0.8472222222222222,-0.8333333333333334
BIGRU,coverage,4,0.013888888888888888,0.8263888888888888,-0.8125
BIGRU,false_specific_rate,0,0.013888888888888888,0.05555555555555555,-0.041666666666666664
BIGRU,false_specific_rate,1,0.013888888888888888,0.05555555555555555,-0.041666666666666664
BIGRU,false_specific_rate,2,0.08333333333333333,0.027777777777777776,0.05555555555555555
BIGRU,false_specific_rate,3,0.013888888888888888,0.08333333333333333,-0.06944444444444445
BIGRU,false_specific_rate,4,0.027777777777777776,0.05555555555555555,-0.027777777777777776
BIGRU,physical_exact_match,0,0.0,0.7291666666666666,-0.7291666666666666
BIGRU,physical_exact_match,1,0.0,0.7986111111111112,-0.7986111111111112
BIGRU,physical_exact_match,2,0.006944444444444444,0.8055555555555556,-0.7986111111111112
BIGRU,physical_exact_match,3,0.006944444444444444,0.7916666666666666,-0.7847222222222222
BIGRU,physical_exact_match,4,0.006944444444444444,0.7986111111111112,-0.7916666666666667
BIGRU,control_abstention,0,0.9861111111111112,0.9444444444444444,0.04166666666666674
BIGRU,control_abstention,1,0.9861111111111112,0.9444444444444444,0.04166666666666674
BIGRU,control_abstention,2,0.9166666666666666,0.9722222222222222,-0.05555555555555558
BIGRU,control_abstention,3,0.9861111111111112,0.9166666666666666,0.06944444444444453
BIGRU,control_abstention,4,0.9722222222222222,0.9444444444444444,0.02777777777777779
BILSTM,selected_accuracy,0,0.2,0.9292035398230089,-0.7292035398230088
BILSTM,selected_accuracy,1,0.0,0.9504132231404959,-0.9504132231404959
BILSTM,selected_accuracy,2,0.8636363636363636,0.9354838709677419,-0.07184750733137824
BILSTM,selected_accuracy,3,0.0,0.9344262295081968,-0.9344262295081968
BILSTM,selected_accuracy,4,0.8064516129032258,0.9663865546218487,-0.159934941718623
BILSTM,coverage,0,0.034722222222222224,0.7847222222222222,-0.75
BILSTM,coverage,1,0.0,0.8402777777777778,-0.8402777777777778
BILSTM,coverage,2,0.3055555555555556,0.8611111111111112,-0.5555555555555556
BILSTM,coverage,3,0.0,0.8472222222222222,-0.8472222222222222
BILSTM,coverage,4,0.6458333333333334,0.8263888888888888,-0.18055555555555547
BILSTM,false_specific_rate,0,0.05555555555555555,0.05555555555555555,0.0
BILSTM,false_specific_rate,1,0.0,0.05555555555555555,-0.05555555555555555
BILSTM,false_specific_rate,2,0.027777777777777776,0.027777777777777776,0.0
BILSTM,false_specific_rate,3,0.0,0.08333333333333333,-0.08333333333333333
BILSTM,false_specific_rate,4,0.08333333333333333,0.05555555555555555,0.027777777777777776
BILSTM,physical_exact_match,0,0.006944444444444444,0.7291666666666666,-0.7222222222222222
BILSTM,physical_exact_match,1,0.0,0.7986111111111112,-0.7986111111111112
BILSTM,physical_exact_match,2,0.2638888888888889,0.8055555555555556,-0.5416666666666667
BILSTM,physical_exact_match,3,0.0,0.7916666666666666,-0.7916666666666666
BILSTM,physical_exact_match,4,0.5208333333333334,0.7986111111111112,-0.2777777777777778
BILSTM,control_abstention,0,0.9444444444444444,0.9444444444444444,0.0
BILSTM,control_abstention,1,1.0,0.9444444444444444,0.05555555555555558
BILSTM,control_abstention,2,0.9722222222222222,0.9722222222222222,0.0
BILSTM,control_abstention,3,1.0,0.9166666666666666,0.08333333333333337
BILSTM,control_abstention,4,0.9166666666666666,0.9444444444444444,-0.02777777777777779
TINY_TRANSFORMER,selected_accuracy,0,0.9629629629629629,0.9292035398230089,0.03375942313995406
TINY_TRANSFORMER,selected_accuracy,1,0.9402985074626866,0.9504132231404959,-0.010114715677809305
TINY_TRANSFORMER,selected_accuracy,2,0.9389312977099237,0.9354838709677419,0.0034474267421817917
TINY_TRANSFORMER,selected_accuracy,3,0.9285714285714286,0.9344262295081968,-0.005854800936768156
TINY_TRANSFORMER,selected_accuracy,4,0.937984496124031,0.9663865546218487,-0.02840205849781774
TINY_TRANSFORMER,coverage,0,0.9375,0.7847222222222222,0.1527777777777778
TINY_TRANSFORMER,coverage,1,0.9305555555555556,0.8402777777777778,0.09027777777777779
TINY_TRANSFORMER,coverage,2,0.9097222222222222,0.8611111111111112,0.04861111111111105
TINY_TRANSFORMER,coverage,3,0.875,0.8472222222222222,0.02777777777777779
TINY_TRANSFORMER,coverage,4,0.8958333333333334,0.8263888888888888,0.06944444444444453
TINY_TRANSFORMER,false_specific_rate,0,0.1388888888888889,0.05555555555555555,0.08333333333333334
TINY_TRANSFORMER,false_specific_rate,1,0.08333333333333333,0.05555555555555555,0.027777777777777776
TINY_TRANSFORMER,false_specific_rate,2,0.1111111111111111,0.027777777777777776,0.08333333333333333
TINY_TRANSFORMER,false_specific_rate,3,0.08333333333333333,0.08333333333333333,0.0
TINY_TRANSFORMER,false_specific_rate,4,0.041666666666666664,0.05555555555555555,-0.013888888888888888
TINY_TRANSFORMER,physical_exact_match,0,0.9027777777777778,0.7291666666666666,0.17361111111111116
TINY_TRANSFORMER,physical_exact_match,1,0.875,0.7986111111111112,0.07638888888888884
TINY_TRANSFORMER,physical_exact_match,2,0.8541666666666666,0.8055555555555556,0.04861111111111105
TINY_TRANSFORMER,physical_exact_match,3,0.8125,0.7916666666666666,0.02083333333333337
TINY_TRANSFORMER,physical_exact_match,4,0.8402777777777778,0.7986111111111112,0.04166666666666663
TINY_TRANSFORMER,control_abstention,0,0.8611111111111112,0.9444444444444444,-0.08333333333333326
TINY_TRANSFORMER,control_abstention,1,0.9166666666666666,0.9444444444444444,-0.02777777777777779
TINY_TRANSFORMER,control_abstention,2,0.8888888888888888,0.9722222222222222,-0.08333333333333337
TINY_TRANSFORMER,control_abstention,3,0.9166666666666666,0.9166666666666666,0.0
TINY_TRANSFORMER,control_abstention,4,0.9583333333333334,0.9444444444444444,0.01388888888888895
