model_id,phyguard_method,baseline_selected_accuracy,phyguard_selected_accuracy,baseline_minus_phyguard_selected_accuracy,baseline_coverage,phyguard_coverage,baseline_minus_phyguard_coverage,baseline_false_specific_rate,phyguard_false_specific_rate,baseline_minus_phyguard_false_specific_rate,baseline_macro_f1,phyguard_macro_f1,baseline_minus_phyguard_macro_f1,baseline_balanced_accuracy,phyguard_balanced_accuracy,baseline_minus_phyguard_balanced_accuracy,baseline_physical_selection_rate,phyguard_physical_selection_rate,baseline_minus_phyguard_physical_selection_rate,baseline_physical_exact_match,phyguard_physical_exact_match,baseline_minus_phyguard_physical_exact_match,baseline_control_abstention,phyguard_control_abstention,baseline_minus_phyguard_control_abstention,baseline_pareto_dominates_core_three,baseline_pareto_dominates_full_five
ROCKET,PhyGuard,0.9389589986042284,0.9431826836122583,-0.004223685008029943,0.934722222222222,0.8319444444444445,0.10277777777777752,0.0999999999999999,0.05555555555555556,0.044444444444444335,0.9065863331264752,0.8558496033643058,0.050736729762169364,0.8777777777777777,0.7847222222222222,0.09305555555555545,0.934722222222222,0.8319444444444445,0.10277777777777752,0.8777777777777777,0.7847222222222221,0.09305555555555556,0.9,0.9444444444444444,-0.0444444444444444,False,False
MINIROCKET,PhyGuard,0.9532737380478996,0.9431826836122583,0.010091054435641289,0.9486111111111112,0.8319444444444445,0.1166666666666667,0.1333333333333333,0.05555555555555556,0.07777777777777775,0.9273135867190698,0.8558496033643058,0.071463983354764,0.9041666666666666,0.7847222222222222,0.11944444444444435,0.9486111111111112,0.8319444444444445,0.1166666666666667,0.9041666666666666,0.7847222222222221,0.11944444444444446,0.8666666666666666,0.9444444444444444,-0.07777777777777783,False,False
MULTIROCKET,PhyGuard,0.9616104122838506,0.9431826836122583,0.01842772867159226,0.9430555555555552,0.8319444444444445,0.11111111111111072,0.1277777777777777,0.05555555555555556,0.07222222222222216,0.932795774691718,0.8558496033643058,0.07694617132741222,0.9069444444444444,0.7847222222222222,0.12222222222222223,0.9430555555555552,0.8319444444444445,0.11111111111111072,0.9069444444444444,0.7847222222222221,0.12222222222222234,0.8722222222222221,0.9444444444444444,-0.0722222222222223,False,False
HYDRA,PhyGuard,0.5431250722877631,0.9431826836122583,-0.40005761132449524,0.5430555555555555,0.8319444444444445,-0.288888888888889,0.1305555555555555,0.05555555555555556,0.07499999999999996,0.5152933150544008,0.8558496033643058,-0.34055628830990503,0.4916666666666667,0.7847222222222222,-0.2930555555555555,0.5430555555555555,0.8319444444444445,-0.288888888888889,0.4916666666666666,0.7847222222222221,-0.2930555555555555,0.8694444444444445,0.9444444444444444,-0.07499999999999996,False,False
MULTIROCKET_HYDRA,PhyGuard,0.9646842804172762,0.9431826836122583,0.021501596805017842,0.9402777777777775,0.8319444444444445,0.10833333333333306,0.1361111111111111,0.05555555555555556,0.08055555555555555,0.9339507722165502,0.8558496033643058,0.07810116885224438,0.9069444444444444,0.7847222222222222,0.12222222222222223,0.9402777777777775,0.8319444444444445,0.10833333333333306,0.9069444444444444,0.7847222222222221,0.12222222222222234,0.8638888888888889,0.9444444444444444,-0.08055555555555549,False,False
ARSENAL,PhyGuard,0.941643601311522,0.9431826836122583,-0.0015390823007362942,0.923611111111111,0.8319444444444445,0.09166666666666656,0.1,0.05555555555555556,0.044444444444444446,0.9026899754711302,0.8558496033643058,0.046840372106824346,0.8694444444444445,0.7847222222222222,0.08472222222222225,0.923611111111111,0.8319444444444445,0.09166666666666656,0.8694444444444445,0.7847222222222221,0.08472222222222237,0.9,0.9444444444444444,-0.0444444444444444,False,False
FCN1D,PhyGuard,0.9429882241552754,0.9431826836122583,-0.00019445945698293166,0.8680555555555556,0.8319444444444445,0.036111111111111094,0.1166666666666666,0.05555555555555556,0.06111111111111104,0.8748518658162399,0.8558496033643058,0.019002262451934038,0.8180555555555558,0.7847222222222222,0.03333333333333355,0.8680555555555556,0.8319444444444445,0.036111111111111094,0.8180555555555555,0.7847222222222221,0.03333333333333344,0.8833333333333332,0.9444444444444444,-0.06111111111111123,False,False
RESNET1D,PhyGuard,0.93296809730888,0.9431826836122583,-0.010214586303378348,0.8722222222222223,0.8319444444444445,0.04027777777777786,0.1416666666666666,0.05555555555555556,0.08611111111111105,0.867804106296088,0.8558496033643058,0.01195450293178213,0.8138888888888889,0.7847222222222222,0.029166666666666674,0.8722222222222223,0.8319444444444445,0.04027777777777786,0.8138888888888889,0.7847222222222221,0.029166666666666785,0.8583333333333332,0.9444444444444444,-0.08611111111111125,False,False
INCEPTIONTIME_LITE,PhyGuard,0.9369897680032429,0.9431826836122583,-0.00619291560901547,0.95,0.8319444444444445,0.11805555555555547,0.0972222222222222,0.05555555555555556,0.04166666666666664,0.912805075986675,0.8558496033643058,0.05695547262236922,0.8902777777777777,0.7847222222222222,0.10555555555555551,0.95,0.8319444444444445,0.11805555555555547,0.8902777777777777,0.7847222222222221,0.10555555555555562,0.9027777777777776,0.9444444444444444,-0.04166666666666685,False,False
LITE1D,PhyGuard,0.9356028447792292,0.9431826836122583,-0.007579838833029151,0.8180555555555558,0.8319444444444445,-0.013888888888888729,0.1194444444444444,0.05555555555555556,0.06388888888888883,0.8396647126451666,0.8558496033643058,-0.0161848907191392,0.7652777777777777,0.7847222222222222,-0.019444444444444486,0.8180555555555558,0.8319444444444445,-0.013888888888888729,0.7652777777777777,0.7847222222222221,-0.019444444444444375,0.8805555555555555,0.9444444444444444,-0.06388888888888888,False,False
TCN,PhyGuard,0.9447018315375086,0.9431826836122583,0.0015191479252503193,0.8347222222222224,0.8319444444444445,0.002777777777777879,0.1388888888888889,0.05555555555555556,0.08333333333333334,0.8577146759746505,0.8558496033643058,0.0018650726103446313,0.788888888888889,0.7847222222222222,0.004166666666666763,0.8347222222222224,0.8319444444444445,0.002777777777777879,0.788888888888889,0.7847222222222221,0.004166666666666874,0.861111111111111,0.9444444444444444,-0.08333333333333337,False,False
BIGRU,PhyGuard,0.24,0.9431826836122583,-0.7031826836122583,0.0125,0.8319444444444445,-0.8194444444444445,0.0305555555555555,0.05555555555555556,-0.02500000000000006,0.0077021822849807,0.8558496033643058,-0.8481474210793252,0.0041666666666666,0.7847222222222222,-0.7805555555555556,0.0125,0.8319444444444445,-0.8194444444444445,0.0041666666666666,0.7847222222222221,-0.7805555555555554,0.9694444444444444,0.9444444444444444,0.025000000000000022,False,False
BILSTM,PhyGuard,0.3740175953079179,0.9431826836122583,-0.5691650883043404,0.1972222222222222,0.8319444444444445,-0.6347222222222223,0.0333333333333333,0.05555555555555556,-0.02222222222222226,0.1772275889388704,0.8558496033643058,-0.6786220144254355,0.1583333333333333,0.7847222222222222,-0.6263888888888889,0.1972222222222222,0.8319444444444445,-0.6347222222222223,0.1583333333333333,0.7847222222222221,-0.6263888888888888,0.9666666666666666,0.9444444444444444,0.022222222222222143,False,False
TINY_TRANSFORMER,PhyGuard,0.9417497385662064,0.9431826836122583,-0.0014329450460519588,0.909722222222222,0.8319444444444445,0.0777777777777775,0.0916666666666666,0.05555555555555556,0.036111111111111045,0.8954877681294084,0.8558496033643058,0.039638164765102624,0.8569444444444445,0.7847222222222222,0.0722222222222223,0.909722222222222,0.8319444444444445,0.0777777777777775,0.8569444444444445,0.7847222222222221,0.07222222222222241,0.9083333333333332,0.9444444444444444,-0.036111111111111205,False,False
