variant_id,factor,metric,point_difference,repeat_difference_min,repeat_difference_max,exact_signflip_p,bootstrap_ci_lower,bootstrap_ci_upper,bootstrap_two_sided_p,bootstrap_replicates,cluster_count,bootstrap_holm_p,signflip_holm_p,bootstrap_ci_excludes_zero,confirmatory_significance_claim_allowed
ADAPT_GAP_WEIGHT_0p5,adapt_gap_weight,selected_accuracy,0.011388257820707449,-0.01680672268907557,0.052778442158973204,0.4375,0.001040939469834329,0.022387040336611024,0.0327967203279672,10000,726,0.23997600239976002,1.0,True,False
ADAPT_GAP_WEIGHT_0p5,adapt_gap_weight,coverage,-0.016666666666666673,-0.05555555555555558,0.00694444444444442,0.25,-0.034970879976914816,0.0013245099762584438,0.06679332066793321,10000,726,0.5167483251674833,1.0,False,False
ADAPT_GAP_WEIGHT_0p5,adapt_gap_weight,false_specific_rate,-0.011111111111111117,-0.0416666666666667,0.013888888888888909,0.5,-0.028996403353618094,0.005810493111421904,0.19958004199580043,10000,726,1.0,1.0,False,False
ADAPT_GAP_WEIGHT_0p5,adapt_gap_weight,macro_f1,-0.0001625118029888295,-0.014312071634832724,0.03587301154597644,1.0,-0.011474319331934118,0.010901480652149983,0.9821017898210179,10000,726,1.0,1.0,False,False
ADAPT_GAP_WEIGHT_0p5,adapt_gap_weight,balanced_accuracy,-0.006944444444444508,-0.03472222222222221,0.02777777777777768,0.625,-0.022589680215760022,0.007998563030602637,0.37616238376162386,10000,726,1.0,1.0,False,False
ADAPT_GAP_WEIGHT_0p5,adapt_gap_weight,physical_exact_match,-0.006944444444444464,-0.03472222222222221,0.02777777777777779,0.625,-0.022870675778320047,0.008371632993248123,0.390960903909609,10000,726,1.0,1.0,False,False
ADAPT_GAP_WEIGHT_0p5,adapt_gap_weight,control_abstention,0.011111111111111138,-0.01388888888888884,0.04166666666666674,0.5,-0.005810493111421899,0.02899640335361817,0.19958004199580043,10000,726,1.0,1.0,False,False
ADAPT_GAP_WEIGHT_0p75,adapt_gap_weight,selected_accuracy,0.01637691272203079,-0.0008333912077228556,0.052939317319848356,0.25,0.007094955184271451,0.02680632368990426,0.00039996000399960006,10000,726,0.004399560043995601,1.0,True,False
ADAPT_GAP_WEIGHT_0p75,adapt_gap_weight,coverage,-0.01527777777777779,-0.05555555555555558,0.0,0.25,-0.03203650971641146,0.001610237368519654,0.0775922407759224,10000,726,0.5167483251674833,1.0,False,False
ADAPT_GAP_WEIGHT_0p75,adapt_gap_weight,false_specific_rate,-0.008333333333333337,-0.0416666666666667,0.013888888888888909,0.75,-0.02536802612084283,0.007500129182727227,0.32256774322567744,10000,726,1.0,1.0,False,False
ADAPT_GAP_WEIGHT_0p75,adapt_gap_weight,macro_f1,0.004747223702085424,-0.014496415542493368,0.03982384561094565,0.875,-0.005097952792026855,0.014742873073130509,0.34556544345565443,10000,726,1.0,1.0,False,False
ADAPT_GAP_WEIGHT_0p75,adapt_gap_weight,balanced_accuracy,-0.001388888888888906,-0.0347222222222221,0.0347222222222221,1.0,-0.015238564585604025,0.012331200235430472,0.8557144285571443,10000,726,1.0,1.0,False,False
ADAPT_GAP_WEIGHT_0p75,adapt_gap_weight,physical_exact_match,-0.001388888888888906,-0.03472222222222221,0.03472222222222221,1.0,-0.015351026096110188,0.012771154776258386,0.8459154084591541,10000,726,1.0,1.0,False,False
ADAPT_GAP_WEIGHT_0p75,adapt_gap_weight,control_abstention,0.00833333333333337,-0.01388888888888884,0.04166666666666674,0.75,-0.00750012918272728,0.025368026120842824,0.3227677232276772,10000,726,1.0,1.0,False,False
ADAPT_GAP_WEIGHT_1p25,adapt_gap_weight,selected_accuracy,-0.004538061221670597,-0.007323792246187066,0.0,0.125,-0.010545977047493669,9.685033313156691e-05,0.0603939606039396,10000,726,0.301969803019698,1.0,False,False
ADAPT_GAP_WEIGHT_1p25,adapt_gap_weight,coverage,0.005555555555555558,-0.02777777777777779,0.02083333333333337,0.625,-0.004657128474759045,0.015852780910849303,0.268973102689731,10000,726,1.0,1.0,False,False
ADAPT_GAP_WEIGHT_1p25,adapt_gap_weight,false_specific_rate,0.011111111111111122,0.0,0.027777777777777804,0.5,0.0,0.02604588394062079,0.0887911208879112,10000,726,0.9767023297670232,1.0,False,False
ADAPT_GAP_WEIGHT_1p25,adapt_gap_weight,macro_f1,-0.0006952118062171885,-0.01638751941649219,0.0062226802187470565,1.0,-0.006737258946276442,0.005402165341479614,0.8213178682131786,10000,726,1.0,1.0,False,False
ADAPT_GAP_WEIGHT_1p25,adapt_gap_weight,balanced_accuracy,0.001388888888888884,-0.02777777777777779,0.01388888888888895,1.0,-0.007565610744644865,0.010283000640152097,0.7521247875212479,10000,726,1.0,1.0,False,False
ADAPT_GAP_WEIGHT_1p25,adapt_gap_weight,physical_exact_match,0.001388888888888906,-0.02777777777777779,0.01388888888888895,1.0,-0.007619236091565851,0.010358892877119882,0.7479252074792521,10000,726,1.0,1.0,False,False
ADAPT_GAP_WEIGHT_1p25,adapt_gap_weight,control_abstention,-0.011111111111111117,-0.02777777777777779,0.0,0.5,-0.026045883940620795,0.0,0.0887911208879112,10000,726,0.9767023297670232,1.0,False,False
ADAPT_GAP_WEIGHT_1p5,adapt_gap_weight,selected_accuracy,-0.0059875052130299086,-0.01951748441312018,0.0015737704918032946,0.25,-0.013936606515911101,0.0011146453798833269,0.10418958104189581,10000,726,0.41675832416758324,1.0,False,False
ADAPT_GAP_WEIGHT_1p5,adapt_gap_weight,coverage,0.008333333333333326,-0.03472222222222232,0.04861111111111116,0.625,-0.007106601441277202,0.0244059277677397,0.29517048295170484,10000,726,1.0,1.0,False,False
ADAPT_GAP_WEIGHT_1p5,adapt_gap_weight,false_specific_rate,0.019444444444444462,0.0,0.041666666666666706,0.25,0.0030769230769230743,0.04077355999978058,0.012198780121987801,10000,726,0.1463853614638536,1.0,True,False
ADAPT_GAP_WEIGHT_1p5,adapt_gap_weight,macro_f1,-0.00028673887665957575,-0.03492216370168011,0.02377191087939079,1.0,-0.009459317920802329,0.009400578254001254,0.9561043895610439,10000,726,1.0,1.0,False,False
ADAPT_GAP_WEIGHT_1p5,adapt_gap_weight,balanced_accuracy,0.00277777777777779,-0.04861111111111116,0.04166666666666663,1.0,-0.010986974851127155,0.01725823857180871,0.6955304469553044,10000,726,1.0,1.0,False,False
ADAPT_GAP_WEIGHT_1p5,adapt_gap_weight,physical_exact_match,0.00277777777777779,-0.04861111111111116,0.04166666666666674,1.0,-0.011067868287672963,0.017509831866734396,0.6983301669833016,10000,726,1.0,1.0,False,False
ADAPT_GAP_WEIGHT_1p5,adapt_gap_weight,control_abstention,-0.01944444444444444,-0.04166666666666663,0.0,0.25,-0.04077355999978066,-0.003076923076922977,0.012198780121987801,10000,726,0.1463853614638536,1.0,True,False
MCS_DROP_PENALTY_0p0,mismatch_mcs_drop_penalty,selected_accuracy,-0.006140501350169259,-0.037714810442083246,0.022095509622238052,0.5625,-0.018198297791832175,0.005014190473335538,0.30216978302169784,10000,726,0.9065093490650935,1.0,False,False
MCS_DROP_PENALTY_0p0,mismatch_mcs_drop_penalty,coverage,0.018055555555555557,-0.04861111111111105,0.11805555555555558,0.75,0.00020939301307588978,0.036436415723879075,0.0471952804719528,10000,726,0.47195280471952805,1.0,True,False
MCS_DROP_PENALTY_0p0,mismatch_mcs_drop_penalty,false_specific_rate,-0.0055555555555555376,-0.0416666666666667,0.0694444444444445,0.875,-0.026108731686597088,0.013635728095858075,0.5861413858614138,10000,726,1.0,1.0,False,False
MCS_DROP_PENALTY_0p0,mismatch_mcs_drop_penalty,macro_f1,0.0035549370732427255,-0.015620451776148014,0.050939487324771715,1.0,-0.007754771710312088,0.015390253279963736,0.5427457254274572,10000,726,1.0,1.0,False,False
MCS_DROP_PENALTY_0p0,mismatch_mcs_drop_penalty,balanced_accuracy,0.011111111111111094,-0.02777777777777768,0.0972222222222221,1.0,-0.0041222261718825565,0.02672266047208137,0.1523847615238476,10000,726,1.0,1.0,False,False
MCS_DROP_PENALTY_0p0,mismatch_mcs_drop_penalty,physical_exact_match,0.011111111111111094,-0.02777777777777779,0.09722222222222221,1.0,-0.004175348500157624,0.02709061876363809,0.16198380161983802,10000,726,1.0,1.0,False,False
MCS_DROP_PENALTY_0p0,mismatch_mcs_drop_penalty,control_abstention,0.005555555555555603,-0.06944444444444442,0.04166666666666674,0.875,-0.013635728095858052,0.02610873168659702,0.5861413858614138,10000,726,1.0,1.0,False,False
MCS_DROP_PENALTY_0p175,mismatch_mcs_drop_penalty,selected_accuracy,-0.005778560602805372,-0.018128499066915604,0.0004064489906515645,0.5,-0.012619407186428778,-0.0005312755608455626,0.029997000299970003,10000,726,0.23997600239976002,1.0,True,False
MCS_DROP_PENALTY_0p175,mismatch_mcs_drop_penalty,coverage,0.00972222222222221,-0.02083333333333337,0.0625,0.75,-0.000497038266013233,0.020426310654353907,0.06459354064593541,10000,726,0.5167483251674833,1.0,False,False
MCS_DROP_PENALTY_0p175,mismatch_mcs_drop_penalty,false_specific_rate,0.01111111111111112,0.0,0.027777777777777804,0.5,-0.0006688601185312718,0.024988716667833005,0.1085891410858914,10000,726,1.0,1.0,False,False
MCS_DROP_PENALTY_0p175,mismatch_mcs_drop_penalty,macro_f1,0.0005887304251013914,-0.026787243066759503,0.025434196865717462,1.0,-0.0055922170158283265,0.007151117218547427,0.8525147485251475,10000,726,1.0,1.0,False,False
MCS_DROP_PENALTY_0p175,mismatch_mcs_drop_penalty,balanced_accuracy,0.004166666666666652,-0.03472222222222221,0.04861111111111105,0.75,-0.004325841320005119,0.01311740297851133,0.3451654834516548,10000,726,1.0,1.0,False,False
MCS_DROP_PENALTY_0p175,mismatch_mcs_drop_penalty,physical_exact_match,0.004166666666666674,-0.03472222222222221,0.04861111111111116,0.75,-0.0044737938395166986,0.013258424191989039,0.3521647835216478,10000,726,1.0,1.0,False,False
MCS_DROP_PENALTY_0p175,mismatch_mcs_drop_penalty,control_abstention,-0.011111111111111117,-0.02777777777777779,0.0,0.5,-0.02498871666783304,0.0006688601185313039,0.10878912108789121,10000,726,1.0,1.0,False,False
MCS_DROP_PENALTY_0p525,mismatch_mcs_drop_penalty,selected_accuracy,0.013200167478222901,-0.008264462809917661,0.052939317319848356,0.5,0.004839075664626926,0.022797527041660354,0.000999900009999,10000,726,0.008999100089991,1.0,True,False
MCS_DROP_PENALTY_0p525,mismatch_mcs_drop_penalty,coverage,-0.013888888888888885,-0.0625,0.0,0.5,-0.028914937029436323,0.0012751786638777224,0.0771922807719228,10000,726,0.5167483251674833,1.0,False,False
MCS_DROP_PENALTY_0p525,mismatch_mcs_drop_penalty,false_specific_rate,-0.005555555555555558,-0.027777777777777804,0.013888888888888909,0.75,-0.021514967662859236,0.009523809523809532,0.48775122487751227,10000,726,1.0,1.0,False,False
MCS_DROP_PENALTY_0p525,mismatch_mcs_drop_penalty,macro_f1,0.002731065970754165,-0.018666740388849856,0.03982384561094565,1.0,-0.006745506395010905,0.012323968983049915,0.5627437256274372,10000,726,1.0,1.0,False,False
MCS_DROP_PENALTY_0p525,mismatch_mcs_drop_penalty,balanced_accuracy,-0.00277777777777779,-0.04166666666666663,0.0347222222222221,0.75,-0.015755484347359804,0.010042979314889108,0.6785321467853215,10000,726,1.0,1.0,False,False
MCS_DROP_PENALTY_0p525,mismatch_mcs_drop_penalty,physical_exact_match,-0.00277777777777779,-0.04166666666666663,0.03472222222222221,0.75,-0.01610274235565837,0.010473610146588168,0.6887311268873113,10000,726,1.0,1.0,False,False
MCS_DROP_PENALTY_0p525,mismatch_mcs_drop_penalty,control_abstention,0.00555555555555558,-0.01388888888888884,0.02777777777777779,0.75,-0.009523809523809495,0.021514967662859177,0.4871512848715128,10000,726,1.0,1.0,False,False
MCS_DROP_PENALTY_0p7,mismatch_mcs_drop_penalty,selected_accuracy,0.014770415412107218,-0.00041322314049607733,0.052939317319848356,0.5,0.005952144737123541,0.024910560597154786,0.0007999200079992001,10000,726,0.007999200079992,1.0,True,False
MCS_DROP_PENALTY_0p7,mismatch_mcs_drop_penalty,coverage,-0.015277777777777769,-0.0625,0.0,0.25,-0.030435250779983804,0.0002253544706440106,0.05399460053994601,10000,726,0.48595140485951405,1.0,False,False
MCS_DROP_PENALTY_0p7,mismatch_mcs_drop_penalty,false_specific_rate,-0.005555555555555558,-0.027777777777777804,0.013888888888888909,0.75,-0.021514967662859236,0.009523809523809532,0.48775122487751227,10000,726,1.0,1.0,False,False
MCS_DROP_PENALTY_0p7,mismatch_mcs_drop_penalty,macro_f1,0.0033456401586382744,-0.018666740388849856,0.03982384561094565,1.0,-0.006294767881246416,0.013011204785728371,0.48535146485351466,10000,726,1.0,1.0,False,False
MCS_DROP_PENALTY_0p7,mismatch_mcs_drop_penalty,balanced_accuracy,-0.00277777777777779,-0.04166666666666663,0.0347222222222221,0.75,-0.015755484347359804,0.010042979314889108,0.6785321467853215,10000,726,1.0,1.0,False,False
MCS_DROP_PENALTY_0p7,mismatch_mcs_drop_penalty,physical_exact_match,-0.00277777777777779,-0.04166666666666663,0.03472222222222221,0.75,-0.01610274235565837,0.010473610146588168,0.6887311268873113,10000,726,1.0,1.0,False,False
MCS_DROP_PENALTY_0p7,mismatch_mcs_drop_penalty,control_abstention,0.00555555555555558,-0.01388888888888884,0.02777777777777779,0.75,-0.009523809523809495,0.021514967662859177,0.4871512848715128,10000,726,1.0,1.0,False,False
PHI_SCALE_1p0,phi_scale,selected_accuracy,0.0015677707736207135,-0.0006321112515802474,0.008064516129032251,0.75,-0.0003042925634202525,0.005319860301388076,0.48695130486951305,10000,726,0.9065093490650935,1.0,False,False
PHI_SCALE_1p0,phi_scale,coverage,0.0,-0.00694444444444442,0.00694444444444442,1.0,-0.004026845637583823,0.004054054054054015,1.0,10000,726,1.0,1.0,False,False
PHI_SCALE_1p0,phi_scale,false_specific_rate,2.7755575615628915e-18,-0.013888888888888895,0.013888888888888909,1.0,-0.008,0.007792207792207781,1.0,10000,726,1.0,1.0,False,False
PHI_SCALE_1p0,phi_scale,macro_f1,0.001495352478488776,-0.00473630312340001,0.00814250920648163,0.75,-0.0021620623107892257,0.005979606604622744,0.5461453854614539,10000,726,1.0,1.0,False,False
PHI_SCALE_1p0,phi_scale,balanced_accuracy,0.001388888888888884,-0.00694444444444442,0.00694444444444442,1.0,-0.0031250000000000444,0.00629882785225533,0.6383361663833617,10000,726,1.0,1.0,False,False
PHI_SCALE_1p0,phi_scale,physical_exact_match,0.001388888888888884,-0.00694444444444442,0.00694444444444442,1.0,-0.002985359629584294,0.006407474550562264,0.6287371262873712,10000,726,1.0,1.0,False,False
PHI_SCALE_1p0,phi_scale,control_abstention,2.2204460492503132e-17,-0.01388888888888884,0.01388888888888895,1.0,-0.007792207792207684,0.008000000000000007,1.0,10000,726,1.0,1.0,False,False
PHI_SCALE_1p25,phi_scale,selected_accuracy,0.005997142539186396,-0.0006321112515802474,0.030617823947512224,1.0,0.0010246329460255584,0.012765856394409414,0.035596440355964404,10000,726,0.23997600239976002,1.0,True,False
PHI_SCALE_1p25,phi_scale,coverage,-0.009722222222222233,-0.04166666666666674,0.0,0.5,-0.018986743292931707,-0.0013697318007661607,0.031596840315968405,10000,726,0.34756524347565243,1.0,True,False
PHI_SCALE_1p25,phi_scale,false_specific_rate,0.0,0.0,0.0,1.0,0.0,0.0,1.0,10000,726,1.0,1.0,False,False
PHI_SCALE_1p25,phi_scale,macro_f1,-0.0005645073117970467,-0.00473630312340001,0.001913766564414776,1.0,-0.006273886346304466,0.004731683122906869,0.8341165883411659,10000,726,1.0,1.0,False,False
PHI_SCALE_1p25,phi_scale,balanced_accuracy,-0.004166666666666652,-0.01388888888888884,0.0,0.5,-0.011685699968594674,0.002626439464674851,0.25137486251374863,10000,726,1.0,1.0,False,False
PHI_SCALE_1p25,phi_scale,physical_exact_match,-0.004166666666666674,-0.01388888888888895,0.0,0.5,-0.011533843107516203,0.002777777777777879,0.30216978302169784,10000,726,1.0,1.0,False,False
PHI_SCALE_1p25,phi_scale,control_abstention,0.0,0.0,0.0,1.0,0.0,0.0,1.0,10000,726,1.0,1.0,False,False
PHI_SCALE_2p0,phi_scale,selected_accuracy,-0.0027762054170947124,-0.008264462809917661,0.008960573476702427,0.625,-0.009453429130742865,0.003308243954562548,0.40815918408159185,10000,726,0.9065093490650935,1.0,False,False
PHI_SCALE_2p0,phi_scale,coverage,0.008333333333333326,0.0,0.02083333333333337,0.25,0.0013265857097822047,0.016596769139426787,0.021397860213978603,10000,726,0.25677432256774324,1.0,True,False
PHI_SCALE_2p0,phi_scale,false_specific_rate,0.002777777777777782,-0.013888888888888895,0.027777777777777804,1.0,-0.006153846153846149,0.01265822784810127,0.6201379862013798,10000,726,1.0,1.0,False,False
PHI_SCALE_2p0,phi_scale,macro_f1,0.0022160860023096697,-0.007385225251774874,0.016125702483792526,0.75,-0.002806033312155631,0.00791138028782087,0.40855914408559146,10000,726,1.0,1.0,False,False
PHI_SCALE_2p0,phi_scale,balanced_accuracy,0.005555555555555536,-0.006944444444444531,0.02083333333333326,0.5,-0.000530046612638374,0.012457009177633961,0.08159184081591841,10000,726,0.979102089791021,1.0,False,False
PHI_SCALE_2p0,phi_scale,physical_exact_match,0.005555555555555536,-0.006944444444444531,0.02083333333333326,0.5,-0.0003525014223024924,0.012688734071736577,0.0861913808619138,10000,726,1.0,1.0,False,False
PHI_SCALE_2p0,phi_scale,control_abstention,-0.002777777777777768,-0.02777777777777779,0.01388888888888895,1.0,-0.012658227848101333,0.006153846153846068,0.620937906209379,10000,726,1.0,1.0,False,False
PHI_SCALE_2p5,phi_scale,selected_accuracy,0.01515511016498632,-0.007323792246187066,0.052939317319848356,0.25,0.006196903177009214,0.025421774787023503,0.00019998000199980003,10000,726,0.0023997600239976003,1.0,True,False
PHI_SCALE_2p5,phi_scale,coverage,-0.008333333333333326,-0.04861111111111105,0.01388888888888884,0.75,-0.023877245096568484,0.007762543379141853,0.3073692630736926,10000,726,1.0,1.0,False,False
PHI_SCALE_2p5,phi_scale,false_specific_rate,-0.002777777777777779,-0.027777777777777804,0.013888888888888909,1.0,-0.017507732873286812,0.011428571428571434,0.7449255074492551,10000,726,1.0,1.0,False,False
PHI_SCALE_2p5,phi_scale,macro_f1,0.007996116319652535,-0.009472618609653649,0.0401999346228995,0.625,-0.0021176120547016647,0.0186961244706522,0.12358764123587641,10000,726,1.0,1.0,False,False
PHI_SCALE_2p5,phi_scale,balanced_accuracy,0.004166666666666652,-0.02777777777777768,0.0347222222222221,0.625,-0.009436810745798685,0.018320228881318637,0.5563443655634437,10000,726,1.0,1.0,False,False
PHI_SCALE_2p5,phi_scale,physical_exact_match,0.004166666666666652,-0.02777777777777779,0.03472222222222221,0.625,-0.009703300374707291,0.018471224419704394,0.567943205679432,10000,726,1.0,1.0,False,False
PHI_SCALE_2p5,phi_scale,control_abstention,0.00277777777777779,-0.01388888888888884,0.02777777777777779,1.0,-0.011428571428571458,0.017507732873286795,0.7445255474452555,10000,726,1.0,1.0,False,False
