variant_id,factor,phi_scale,adapt_gap_weight,mismatch_mcs_drop_penalty,repeat_count,selected_accuracy_mean,selected_accuracy_std,coverage_mean,coverage_std,false_specific_rate_mean,false_specific_rate_std,macro_f1_mean,macro_f1_std,balanced_accuracy_mean,balanced_accuracy_std,physical_exact_match_mean,physical_exact_match_std,control_abstention_mean,control_abstention_std
ADAPT_GAP_WEIGHT_0p5,adapt_gap_weight,1.5,0.5,0.35,5,0.954570941432966,0.015185376374046962,0.8152777777777777,0.03304271459269533,0.04444444444444444,0.016197088596792503,0.855687091561317,0.008104972564696358,0.7777777777777779,0.020600551353043513,0.7777777777777779,0.02060055135304352,0.9555555555555555,0.016197088596792492
ADAPT_GAP_WEIGHT_0p75,adapt_gap_weight,1.5,0.75,0.35,5,0.9595595963342891,0.013596005196093467,0.8166666666666667,0.029331544558254007,0.04722222222222222,0.014163943093313293,0.8605968270663912,0.010934557974261645,0.7833333333333334,0.02078698548207745,0.7833333333333333,0.020786985482077473,0.9527777777777778,0.01416394309331329
ADAPT_GAP_WEIGHT_1p25,adapt_gap_weight,1.5,1.25,0.35,5,0.9386446223905878,0.015455282095094905,0.8375,0.021783871029664056,0.06666666666666668,0.02832788618662658,0.8551543915580885,0.018378931822646022,0.7861111111111112,0.023814483610392012,0.7861111111111112,0.023814483610392012,0.9333333333333333,0.028327886186626596
ADAPT_GAP_WEIGHT_1p5,adapt_gap_weight,1.5,1.5,0.35,5,0.9371951783992285,0.01721865029550991,0.8402777777777779,0.015835769793043603,0.075,0.020786985482077452,0.8555628644876462,0.01798044546211291,0.7875000000000001,0.020412414523193187,0.7875000000000001,0.020412414523193163,0.925,0.020786985482077462
DEFAULT,default,1.5,1.0,0.35,5,0.9431826836122583,0.013579867432280275,0.8319444444444445,0.026131788503092765,0.05555555555555556,0.017568209223157664,0.8558496033643058,0.020063419315642435,0.7847222222222222,0.02812285657127302,0.7847222222222221,0.028122856571273062,0.9444444444444444,0.01756820922315767
MCS_DROP_PENALTY_0p0,mismatch_mcs_drop_penalty,1.5,1.0,0.0,5,0.9370421822620892,0.019548879126137602,0.85,0.036377224593635536,0.049999999999999996,0.040824829046386304,0.8594045404375485,0.00822641872174328,0.7958333333333334,0.019934305686676798,0.7958333333333333,0.019934305686676843,0.95,0.04082482904638631
MCS_DROP_PENALTY_0p175,mismatch_mcs_drop_penalty,1.5,1.0,0.175,5,0.937404123009453,0.01900540572764118,0.8416666666666668,0.008098544298396263,0.06666666666666668,0.013608276348795433,0.8564383337894071,0.015292909409355317,0.788888888888889,0.012880025688188478,0.788888888888889,0.012880025688188478,0.9333333333333332,0.013608276348795441
MCS_DROP_PENALTY_0p525,mismatch_mcs_drop_penalty,1.5,1.0,0.525,5,0.9563828510904815,0.016753664740975723,0.8180555555555558,0.03209505557858707,0.05,0.014163943093313291,0.8585806693350599,0.011492452214921846,0.7819444444444444,0.021336515966301716,0.7819444444444443,0.021336515966301706,0.95,0.01416394309331329
MCS_DROP_PENALTY_0p7,mismatch_mcs_drop_penalty,1.5,1.0,0.7,5,0.9579530990243657,0.015679473630692026,0.8166666666666668,0.031242282997783328,0.05,0.014163943093313291,0.8591952435229441,0.011661943572457895,0.7819444444444444,0.021336515966301716,0.7819444444444443,0.021336515966301706,0.95,0.01416394309331329
PHI_SCALE_1p0,phi_scale,1.0,1.0,0.35,5,0.9447504543858791,0.013226879441936052,0.8319444444444445,0.02926570486903539,0.05555555555555556,0.019641855032959656,0.8573449558427946,0.023165510006643214,0.7861111111111111,0.032690561933166135,0.7861111111111111,0.032690561933166176,0.9444444444444444,0.019641855032959663
PHI_SCALE_1p25,phi_scale,1.25,1.0,0.35,5,0.9491798261514448,0.015660888097257294,0.8222222222222222,0.024295632895188744,0.05555555555555556,0.017568209223157664,0.8552850960525087,0.02203970321637644,0.7805555555555556,0.029331544558253972,0.7805555555555556,0.029331544558254007,0.9444444444444444,0.01756820922315767
PHI_SCALE_2p0,phi_scale,2.0,1.0,0.35,5,0.9404064781951638,0.01563839614319328,0.8402777777777779,0.030110393595387246,0.058333333333333334,0.02832788618662658,0.8580656893666154,0.022977299916654335,0.7902777777777777,0.032690561933166135,0.7902777777777777,0.03269056193316617,0.9416666666666667,0.028327886186626603
PHI_SCALE_2p5,phi_scale,2.5,1.0,0.35,5,0.9583377937772447,0.014737711952841856,0.8236111111111111,0.03185373594772142,0.05277777777777778,0.013608276348795436,0.8638457196839582,0.00978717040317159,0.788888888888889,0.02087957830329571,0.788888888888889,0.02087957830329574,0.9472222222222223,0.013608276348795427
