status,variant_id,factor,phi_scale,adapt_gap_weight,mismatch_mcs_drop_penalty,repeat,validation_count,test_count,tau_g,tau_c,calibration_feasible,calibration_penalty,selected_accuracy,coverage,false_specific_rate,macro_f1,balanced_accuracy,physical_exact_match,control_abstention,prediction_path,prediction_sha256,source_model_path
PASS,ADAPT_GAP_WEIGHT_0p5,adapt_gap_weight,1.5,0.5,0.35,0,216,216,0.25,0.55,True,0.0,0.9819819819819819,0.7708333333333334,0.06944444444444445,0.8531638014067058,0.7569444444444444,0.7569444444444444,0.9305555555555556,/root/phyguard_revision/artifacts/physics_sensitivity_fixed_model_results_v1/predictions/ADAPT_GAP_WEIGHT_0p5__repeat_0.csv,53ed5197a52eef8588fff7826d9c4c83ff40e6270d1ca4714097a42cc4159891,/root/phyguard_revision/artifacts/uploaded_phyguard_packages/PhyGuard_R0_Reconstruction_Checkpoint2/phyguard_rebuild/results/full/evaluation_suite/models/repeat_0_phyguard.joblib
PASS,ADAPT_GAP_WEIGHT_0p5,adapt_gap_weight,1.5,0.5,0.35,1,216,216,0.35,0.45,True,0.0,0.9491525423728814,0.8194444444444444,0.05555555555555555,0.854857758845632,0.7777777777777778,0.7777777777777778,0.9444444444444444,/root/phyguard_revision/artifacts/physics_sensitivity_fixed_model_results_v1/predictions/ADAPT_GAP_WEIGHT_0p5__repeat_1.csv,ebdcd4d0d8943b6288f8fda94f44e0b427b51271c6412228c5e1c2f700ae58b6,/root/phyguard_revision/artifacts/uploaded_phyguard_packages/PhyGuard_R0_Reconstruction_Checkpoint2/phyguard_rebuild/results/full/evaluation_suite/models/repeat_1_phyguard.joblib
PASS,ADAPT_GAP_WEIGHT_0p5,adapt_gap_weight,1.5,0.5,0.35,2,216,216,0.35,0.4,True,0.0,0.936,0.8680555555555556,0.027777777777777776,0.8677405991928802,0.8125,0.8125,0.9722222222222222,/root/phyguard_revision/artifacts/physics_sensitivity_fixed_model_results_v1/predictions/ADAPT_GAP_WEIGHT_0p5__repeat_2.csv,cd602f8fbba904a441ca77a493e17c86e46d07e0881b00a24e93d74c926980e2,/root/phyguard_revision/artifacts/uploaded_phyguard_packages/PhyGuard_R0_Reconstruction_Checkpoint2/phyguard_rebuild/results/full/evaluation_suite/models/repeat_2_phyguard.joblib
PASS,ADAPT_GAP_WEIGHT_0p5,adapt_gap_weight,1.5,0.5,0.35,3,216,216,0.35,0.5,True,0.0,0.956140350877193,0.7916666666666666,0.041666666666666664,0.8430222528894256,0.7569444444444444,0.7569444444444444,0.9583333333333334,/root/phyguard_revision/artifacts/physics_sensitivity_fixed_model_results_v1/predictions/ADAPT_GAP_WEIGHT_0p5__repeat_3.csv,5437a622e203aaae4b6b649d9530abdc58bead9e1b9bccf1d4d5b61cb38d0e2f,/root/phyguard_revision/artifacts/uploaded_phyguard_packages/PhyGuard_R0_Reconstruction_Checkpoint2/phyguard_rebuild/results/full/evaluation_suite/models/repeat_3_phyguard.joblib
PASS,ADAPT_GAP_WEIGHT_0p5,adapt_gap_weight,1.5,0.5,0.35,4,216,216,0.45,0.4,True,0.0,0.9495798319327731,0.8263888888888888,0.027777777777777776,0.859651045471941,0.7847222222222221,0.7847222222222222,0.9722222222222222,/root/phyguard_revision/artifacts/physics_sensitivity_fixed_model_results_v1/predictions/ADAPT_GAP_WEIGHT_0p5__repeat_4.csv,e5bb669cd8979356847ac4cc2a8bcea13ebc854684f95aadd212c8cbf21c2a12,/root/phyguard_revision/artifacts/uploaded_phyguard_packages/PhyGuard_R0_Reconstruction_Checkpoint2/phyguard_rebuild/results/full/evaluation_suite/models/repeat_4_phyguard.joblib
PASS,ADAPT_GAP_WEIGHT_0p75,adapt_gap_weight,1.5,0.75,0.35,0,216,216,0.3,0.55,True,0.0,0.9821428571428571,0.7777777777777778,0.06944444444444445,0.857114635471675,0.7638888888888888,0.7638888888888888,0.9305555555555556,/root/phyguard_revision/artifacts/physics_sensitivity_fixed_model_results_v1/predictions/ADAPT_GAP_WEIGHT_0p75__repeat_0.csv,c94359874e683e3826e3bf1cec230f5447d1f832ed010f88233dea3cb8e0071e,/root/phyguard_revision/artifacts/uploaded_phyguard_packages/PhyGuard_R0_Reconstruction_Checkpoint2/phyguard_rebuild/results/full/evaluation_suite/models/repeat_0_phyguard.joblib
PASS,ADAPT_GAP_WEIGHT_0p75,adapt_gap_weight,1.5,0.75,0.35,1,216,216,0.35,0.45,True,0.0,0.9495798319327731,0.8263888888888888,0.05555555555555555,0.8592866632745364,0.7847222222222222,0.7847222222222222,0.9444444444444444,/root/phyguard_revision/artifacts/physics_sensitivity_fixed_model_results_v1/predictions/ADAPT_GAP_WEIGHT_0p75__repeat_1.csv,4ecacebc057dc7b674e8841241f93bda050958a02ae79f45a56b2c70fd923a03,/root/phyguard_revision/artifacts/uploaded_phyguard_packages/PhyGuard_R0_Reconstruction_Checkpoint2/phyguard_rebuild/results/full/evaluation_suite/models/repeat_1_phyguard.joblib
PASS,ADAPT_GAP_WEIGHT_0p75,adapt_gap_weight,1.5,0.75,0.35,2,216,216,0.3,0.45,True,0.0,0.9435483870967742,0.8611111111111112,0.027777777777777776,0.869884960398985,0.8125,0.8125,0.9722222222222222,/root/phyguard_revision/artifacts/physics_sensitivity_fixed_model_results_v1/predictions/ADAPT_GAP_WEIGHT_0p75__repeat_2.csv,e4a53ec26f9769c43a0d005d50650495e6af5f0ef1e59752af5f105a8f82b82d,/root/phyguard_revision/artifacts/uploaded_phyguard_packages/PhyGuard_R0_Reconstruction_Checkpoint2/phyguard_rebuild/results/full/evaluation_suite/models/repeat_2_phyguard.joblib
PASS,ADAPT_GAP_WEIGHT_0p75,adapt_gap_weight,1.5,0.75,0.35,3,216,216,0.4,0.5,True,0.0,0.956140350877193,0.7916666666666666,0.041666666666666664,0.8427347590799856,0.7569444444444445,0.7569444444444444,0.9583333333333334,/root/phyguard_revision/artifacts/physics_sensitivity_fixed_model_results_v1/predictions/ADAPT_GAP_WEIGHT_0p75__repeat_3.csv,b0d3c9d5cbff881414e3ed7f67bb2479a51a063d649a2f0729132f3507e35d92,/root/phyguard_revision/artifacts/uploaded_phyguard_packages/PhyGuard_R0_Reconstruction_Checkpoint2/phyguard_rebuild/results/full/evaluation_suite/models/repeat_3_phyguard.joblib
PASS,ADAPT_GAP_WEIGHT_0p75,adapt_gap_weight,1.5,0.75,0.35,4,216,216,0.5,0.45,True,0.0,0.9663865546218487,0.8263888888888888,0.041666666666666664,0.8739631171067738,0.7986111111111112,0.7986111111111112,0.9583333333333334,/root/phyguard_revision/artifacts/physics_sensitivity_fixed_model_results_v1/predictions/ADAPT_GAP_WEIGHT_0p75__repeat_4.csv,31d6648fe95f5a66394344502c9bd913c4b5784db2516eb973f66b0a638e298f,/root/phyguard_revision/artifacts/uploaded_phyguard_packages/PhyGuard_R0_Reconstruction_Checkpoint2/phyguard_rebuild/results/full/evaluation_suite/models/repeat_4_phyguard.joblib
PASS,ADAPT_GAP_WEIGHT_1p25,adapt_gap_weight,1.5,1.25,0.35,0,216,216,0.7,0.3,True,0.0,0.9224137931034483,0.8055555555555556,0.08333333333333333,0.8235134700794764,0.7430555555555556,0.7430555555555556,0.9166666666666666,/root/phyguard_revision/artifacts/physics_sensitivity_fixed_model_results_v1/predictions/ADAPT_GAP_WEIGHT_1p25__repeat_0.csv,14ae14c5ecee216957f2c997004538a9bf231aa195837120dbf5b505fb092470,/root/phyguard_revision/artifacts/uploaded_phyguard_packages/PhyGuard_R0_Reconstruction_Checkpoint2/phyguard_rebuild/results/full/evaluation_suite/models/repeat_0_phyguard.joblib
PASS,ADAPT_GAP_WEIGHT_1p25,adapt_gap_weight,1.5,1.25,0.35,1,216,216,0.4,0.45,True,0.0,0.943089430894309,0.8541666666666666,0.05555555555555555,0.8692699603586346,0.8055555555555556,0.8055555555555556,0.9444444444444444,/root/phyguard_revision/artifacts/physics_sensitivity_fixed_model_results_v1/predictions/ADAPT_GAP_WEIGHT_1p25__repeat_1.csv,a1aeb82f50604f7b9191911d6e57628faa2fa7e6a93cab64b3ce685ecd65fbc1,/root/phyguard_revision/artifacts/uploaded_phyguard_packages/PhyGuard_R0_Reconstruction_Checkpoint2/phyguard_rebuild/results/full/evaluation_suite/models/repeat_1_phyguard.joblib
PASS,ADAPT_GAP_WEIGHT_1p25,adapt_gap_weight,1.5,1.25,0.35,2,216,216,0.55,0.4,True,0.0,0.9333333333333333,0.8333333333333334,0.027777777777777776,0.8463292828435482,0.7777777777777778,0.7777777777777778,0.9722222222222222,/root/phyguard_revision/artifacts/physics_sensitivity_fixed_model_results_v1/predictions/ADAPT_GAP_WEIGHT_1p25__repeat_2.csv,300bb065762b126646dc32e0d1fe0a982c617c94c064dd387a605289f12815cd,/root/phyguard_revision/artifacts/uploaded_phyguard_packages/PhyGuard_R0_Reconstruction_Checkpoint2/phyguard_rebuild/results/full/evaluation_suite/models/repeat_2_phyguard.joblib
PASS,ADAPT_GAP_WEIGHT_1p25,adapt_gap_weight,1.5,1.25,0.35,3,216,216,0.55,0.35,True,0.0,0.928,0.8680555555555556,0.1111111111111111,0.8626961274020097,0.8055555555555556,0.8055555555555556,0.8888888888888888,/root/phyguard_revision/artifacts/physics_sensitivity_fixed_model_results_v1/predictions/ADAPT_GAP_WEIGHT_1p25__repeat_3.csv,1d50380a47bbc648bff95e59fc1b83b75a064acf41ebd1ed465b0ec812a9e2d2,/root/phyguard_revision/artifacts/uploaded_phyguard_packages/PhyGuard_R0_Reconstruction_Checkpoint2/phyguard_rebuild/results/full/evaluation_suite/models/repeat_3_phyguard.joblib
PASS,ADAPT_GAP_WEIGHT_1p25,adapt_gap_weight,1.5,1.25,0.35,4,216,216,0.55,0.45,True,0.0,0.9663865546218487,0.8263888888888888,0.05555555555555555,0.8739631171067738,0.7986111111111112,0.7986111111111112,0.9444444444444444,/root/phyguard_revision/artifacts/physics_sensitivity_fixed_model_results_v1/predictions/ADAPT_GAP_WEIGHT_1p25__repeat_4.csv,51614f44ad87caac8ce0b5aac5672ece1052eb12e2518bdee653964f2de10371,/root/phyguard_revision/artifacts/uploaded_phyguard_packages/PhyGuard_R0_Reconstruction_Checkpoint2/phyguard_rebuild/results/full/evaluation_suite/models/repeat_4_phyguard.joblib
PASS,ADAPT_GAP_WEIGHT_1p5,adapt_gap_weight,1.5,1.5,0.35,0,216,216,0.7,0.3,True,0.0,0.925,0.8333333333333334,0.08333333333333333,0.8410627007401201,0.7708333333333334,0.7708333333333334,0.9166666666666666,/root/phyguard_revision/artifacts/physics_sensitivity_fixed_model_results_v1/predictions/ADAPT_GAP_WEIGHT_1p5__repeat_0.csv,45408b670ad29c94442471bc3808fd5ded398ba94d34ba2f64c87b81bf4a6973,/root/phyguard_revision/artifacts/uploaded_phyguard_packages/PhyGuard_R0_Reconstruction_Checkpoint2/phyguard_rebuild/results/full/evaluation_suite/models/repeat_0_phyguard.joblib
PASS,ADAPT_GAP_WEIGHT_1p5,adapt_gap_weight,1.5,1.5,0.35,1,216,216,0.45,0.45,True,0.0,0.9426229508196722,0.8472222222222222,0.05555555555555555,0.8650741561628303,0.7986111111111112,0.7986111111111112,0.9444444444444444,/root/phyguard_revision/artifacts/physics_sensitivity_fixed_model_results_v1/predictions/ADAPT_GAP_WEIGHT_1p5__repeat_1.csv,1dead443d949a6fe153ed604bbcad5e1ad0f1004d06e925445047606402e4ab2,/root/phyguard_revision/artifacts/uploaded_phyguard_packages/PhyGuard_R0_Reconstruction_Checkpoint2/phyguard_rebuild/results/full/evaluation_suite/models/repeat_1_phyguard.joblib
PASS,ADAPT_GAP_WEIGHT_1p5,adapt_gap_weight,1.5,1.5,0.35,2,216,216,0.7,0.05,True,0.0,0.9159663865546218,0.8263888888888888,0.06944444444444445,0.8277946385583603,0.7569444444444444,0.7569444444444444,0.9305555555555556,/root/phyguard_revision/artifacts/physics_sensitivity_fixed_model_results_v1/predictions/ADAPT_GAP_WEIGHT_1p5__repeat_2.csv,1c0d812c250c5e3ab1c3e0c899b022d8e529d31b7408854cce9fd6d9ee1bccab,/root/phyguard_revision/artifacts/uploaded_phyguard_packages/PhyGuard_R0_Reconstruction_Checkpoint2/phyguard_rebuild/results/full/evaluation_suite/models/repeat_2_phyguard.joblib
PASS,ADAPT_GAP_WEIGHT_1p5,adapt_gap_weight,1.5,1.5,0.35,3,216,216,0.6,0.35,True,0.0,0.936,0.8680555555555556,0.1111111111111111,0.8699197098701462,0.8125000000000001,0.8125,0.8888888888888888,/root/phyguard_revision/artifacts/physics_sensitivity_fixed_model_results_v1/predictions/ADAPT_GAP_WEIGHT_1p5__repeat_3.csv,7bd5279e8cbdbb35a9f9cc457fd5f3496a59787a494f25a017fd6571e29c5d20,/root/phyguard_revision/artifacts/uploaded_phyguard_packages/PhyGuard_R0_Reconstruction_Checkpoint2/phyguard_rebuild/results/full/evaluation_suite/models/repeat_3_phyguard.joblib
PASS,ADAPT_GAP_WEIGHT_1p5,adapt_gap_weight,1.5,1.5,0.35,4,216,216,0.6,0.45,True,0.0,0.9663865546218487,0.8263888888888888,0.05555555555555555,0.8739631171067738,0.7986111111111112,0.7986111111111112,0.9444444444444444,/root/phyguard_revision/artifacts/physics_sensitivity_fixed_model_results_v1/predictions/ADAPT_GAP_WEIGHT_1p5__repeat_4.csv,fae2c915428de58ec872e066e237ca3c93b324df3e5c3cbcdeadc5067bfa79d2,/root/phyguard_revision/artifacts/uploaded_phyguard_packages/PhyGuard_R0_Reconstruction_Checkpoint2/phyguard_rebuild/results/full/evaluation_suite/models/repeat_4_phyguard.joblib
PASS,DEFAULT,default,1.5,1.0,0.35,0,216,216,0.7,0.35,True,0.0,0.9292035398230089,0.7847222222222222,0.05555555555555555,0.8172907898607293,0.7291666666666667,0.7291666666666666,0.9444444444444444,/root/phyguard_revision/artifacts/physics_sensitivity_fixed_model_results_v1/predictions/DEFAULT__repeat_0.csv,8a4b79c4ae53dcda3a13506d2aefa8ec60903ff00818d77a1afe92245a6aaebb,/root/phyguard_revision/artifacts/uploaded_phyguard_packages/PhyGuard_R0_Reconstruction_Checkpoint2/phyguard_rebuild/results/full/evaluation_suite/models/repeat_0_phyguard.joblib
PASS,DEFAULT,default,1.5,1.0,0.35,1,216,216,0.35,0.45,True,0.0,0.9504132231404959,0.8402777777777778,0.05555555555555555,0.8680461329715061,0.7986111111111112,0.7986111111111112,0.9444444444444444,/root/phyguard_revision/artifacts/physics_sensitivity_fixed_model_results_v1/predictions/DEFAULT__repeat_1.csv,be7fb2aa150e9e05a9a41cacf9aad4fe2194c3f36acec38410eebbba621497f8,/root/phyguard_revision/artifacts/uploaded_phyguard_packages/PhyGuard_R0_Reconstruction_Checkpoint2/phyguard_rebuild/results/full/evaluation_suite/models/repeat_1_phyguard.joblib
PASS,DEFAULT,default,1.5,1.0,0.35,2,216,216,0.4,0.45,True,0.0,0.9354838709677419,0.8611111111111112,0.027777777777777776,0.8627168022600404,0.8055555555555556,0.8055555555555556,0.9722222222222222,/root/phyguard_revision/artifacts/physics_sensitivity_fixed_model_results_v1/predictions/DEFAULT__repeat_2.csv,a2a14b111571f5b327fe7c8dcfc7fe75d1fd7d5c807d2bffa6122a848958a1a2,/root/phyguard_revision/artifacts/uploaded_phyguard_packages/PhyGuard_R0_Reconstruction_Checkpoint2/phyguard_rebuild/results/full/evaluation_suite/models/repeat_2_phyguard.joblib
PASS,DEFAULT,default,1.5,1.0,0.35,3,216,216,0.5,0.4,True,0.0,0.9344262295081968,0.8472222222222222,0.08333333333333333,0.857231174622479,0.7916666666666666,0.7916666666666666,0.9166666666666666,/root/phyguard_revision/artifacts/physics_sensitivity_fixed_model_results_v1/predictions/DEFAULT__repeat_3.csv,ab235f0f3d349862d4c2bbbb7096996c4b1f932427351b2e66dbe752c4f10596,/root/phyguard_revision/artifacts/uploaded_phyguard_packages/PhyGuard_R0_Reconstruction_Checkpoint2/phyguard_rebuild/results/full/evaluation_suite/models/repeat_3_phyguard.joblib
PASS,DEFAULT,default,1.5,1.0,0.35,4,216,216,0.5,0.45,True,0.0,0.9663865546218487,0.8263888888888888,0.05555555555555555,0.8739631171067738,0.7986111111111112,0.7986111111111112,0.9444444444444444,/root/phyguard_revision/artifacts/physics_sensitivity_fixed_model_results_v1/predictions/DEFAULT__repeat_4.csv,57a5fc5fb0e60646759fb22c0caeca9f999fcd51c847c67ccfff665d93f2fb17,/root/phyguard_revision/artifacts/uploaded_phyguard_packages/PhyGuard_R0_Reconstruction_Checkpoint2/phyguard_rebuild/results/full/evaluation_suite/models/repeat_4_phyguard.joblib
PASS,MCS_DROP_PENALTY_0p0,mismatch_mcs_drop_penalty,1.5,1.0,0.0,0,216,216,0.35,0.05,True,0.0,0.9153846153846154,0.9027777777777778,0.125,0.868230277185501,0.8263888888888888,0.8263888888888888,0.875,/root/phyguard_revision/artifacts/physics_sensitivity_fixed_model_results_v1/predictions/MCS_DROP_PENALTY_0p0__repeat_0.csv,b68e33f5367f59fd85e33abc67f35b9d826fb506b0f42066ee75b328de9a0482,/root/phyguard_revision/artifacts/uploaded_phyguard_packages/PhyGuard_R0_Reconstruction_Checkpoint2/phyguard_rebuild/results/full/evaluation_suite/models/repeat_0_phyguard.joblib
PASS,MCS_DROP_PENALTY_0p0,mismatch_mcs_drop_penalty,1.5,1.0,0.0,1,216,216,0.4,0.35,True,0.0,0.9126984126984127,0.875,0.041666666666666664,0.8524256811953581,0.7986111111111112,0.7986111111111112,0.9583333333333334,/root/phyguard_revision/artifacts/physics_sensitivity_fixed_model_results_v1/predictions/MCS_DROP_PENALTY_0p0__repeat_1.csv,2f195781e2f2a0fadf04ee5c94dff8bd53ad8f0935f4a721c6dcfcca088169af,/root/phyguard_revision/artifacts/uploaded_phyguard_packages/PhyGuard_R0_Reconstruction_Checkpoint2/phyguard_rebuild/results/full/evaluation_suite/models/repeat_1_phyguard.joblib
PASS,MCS_DROP_PENALTY_0p0,mismatch_mcs_drop_penalty,1.5,1.0,0.0,2,216,216,0.4,0.4,True,0.0,0.9426229508196722,0.8472222222222222,0.0,0.8619299590369985,0.798611111111111,0.7986111111111112,1.0,/root/phyguard_revision/artifacts/physics_sensitivity_fixed_model_results_v1/predictions/MCS_DROP_PENALTY_0p0__repeat_2.csv,742e1363360a7a454c74a424bb85457a936293490466e9243cfd05a9aaedacc5,/root/phyguard_revision/artifacts/uploaded_phyguard_packages/PhyGuard_R0_Reconstruction_Checkpoint2/phyguard_rebuild/results/full/evaluation_suite/models/repeat_2_phyguard.joblib
PASS,MCS_DROP_PENALTY_0p0,mismatch_mcs_drop_penalty,1.5,1.0,0.0,3,216,216,0.4,0.5,True,0.0,0.9565217391304348,0.7986111111111112,0.041666666666666664,0.8473230527307793,0.763888888888889,0.7638888888888888,0.9583333333333334,/root/phyguard_revision/artifacts/physics_sensitivity_fixed_model_results_v1/predictions/MCS_DROP_PENALTY_0p0__repeat_3.csv,579f9e4d8dab2ff68b7f89d218048e3c35883ad30481f055caea443952a5295e,/root/phyguard_revision/artifacts/uploaded_phyguard_packages/PhyGuard_R0_Reconstruction_Checkpoint2/phyguard_rebuild/results/full/evaluation_suite/models/repeat_3_phyguard.joblib
PASS,MCS_DROP_PENALTY_0p0,mismatch_mcs_drop_penalty,1.5,1.0,0.0,4,216,216,0.5,0.4,True,0.0,0.957983193277311,0.8263888888888888,0.041666666666666664,0.8671137320391052,0.7916666666666667,0.7916666666666666,0.9583333333333334,/root/phyguard_revision/artifacts/physics_sensitivity_fixed_model_results_v1/predictions/MCS_DROP_PENALTY_0p0__repeat_4.csv,cab13f3e997b88f0b43d788cfaf4f81726f6956926c46e0edcbe37a0bbd7868b,/root/phyguard_revision/artifacts/uploaded_phyguard_packages/PhyGuard_R0_Reconstruction_Checkpoint2/phyguard_rebuild/results/full/evaluation_suite/models/repeat_4_phyguard.joblib
PASS,MCS_DROP_PENALTY_0p175,mismatch_mcs_drop_penalty,1.5,1.0,0.175,0,216,216,0.5,0.35,True,0.0,0.9180327868852459,0.8472222222222222,0.08333333333333333,0.8427249867264468,0.7777777777777778,0.7777777777777778,0.9166666666666666,/root/phyguard_revision/artifacts/physics_sensitivity_fixed_model_results_v1/predictions/MCS_DROP_PENALTY_0p175__repeat_0.csv,ee8025a57ac7cedf6458af8ce3f7209254760a2de0a79933e7952e211d0b7b68,/root/phyguard_revision/artifacts/uploaded_phyguard_packages/PhyGuard_R0_Reconstruction_Checkpoint2/phyguard_rebuild/results/full/evaluation_suite/models/repeat_0_phyguard.joblib
PASS,MCS_DROP_PENALTY_0p175,mismatch_mcs_drop_penalty,1.5,1.0,0.175,1,216,216,0.35,0.45,True,0.0,0.9508196721311475,0.8472222222222222,0.05555555555555555,0.8723428312980551,0.8055555555555556,0.8055555555555556,0.9444444444444444,/root/phyguard_revision/artifacts/physics_sensitivity_fixed_model_results_v1/predictions/MCS_DROP_PENALTY_0p175__repeat_1.csv,64d99bcdc63deb76cc2d752c5a23a20a00c2363f5674062389deb33814cc437c,/root/phyguard_revision/artifacts/uploaded_phyguard_packages/PhyGuard_R0_Reconstruction_Checkpoint2/phyguard_rebuild/results/full/evaluation_suite/models/repeat_1_phyguard.joblib
PASS,MCS_DROP_PENALTY_0p175,mismatch_mcs_drop_penalty,1.5,1.0,0.175,2,216,216,0.55,0.05,True,0.0,0.9173553719008265,0.8402777777777778,0.05555555555555555,0.8359295591932809,0.7708333333333334,0.7708333333333334,0.9444444444444444,/root/phyguard_revision/artifacts/physics_sensitivity_fixed_model_results_v1/predictions/MCS_DROP_PENALTY_0p175__repeat_2.csv,4881ada6b9fec2a86f8b91a392e8cc945d5d115222164d56fcd1836d45702454,/root/phyguard_revision/artifacts/uploaded_phyguard_packages/PhyGuard_R0_Reconstruction_Checkpoint2/phyguard_rebuild/results/full/evaluation_suite/models/repeat_2_phyguard.joblib
PASS,MCS_DROP_PENALTY_0p175,mismatch_mcs_drop_penalty,1.5,1.0,0.175,3,216,216,0.5,0.4,True,0.0,0.9344262295081968,0.8472222222222222,0.08333333333333333,0.857231174622479,0.7916666666666666,0.7916666666666666,0.9166666666666666,/root/phyguard_revision/artifacts/physics_sensitivity_fixed_model_results_v1/predictions/MCS_DROP_PENALTY_0p175__repeat_3.csv,6c91b5b46be371393dbceaa60e2e20db2c7fd59b16d4165406f2cab7686faf16,/root/phyguard_revision/artifacts/uploaded_phyguard_packages/PhyGuard_R0_Reconstruction_Checkpoint2/phyguard_rebuild/results/full/evaluation_suite/models/repeat_3_phyguard.joblib
PASS,MCS_DROP_PENALTY_0p175,mismatch_mcs_drop_penalty,1.5,1.0,0.175,4,216,216,0.5,0.45,True,0.0,0.9663865546218487,0.8263888888888888,0.05555555555555555,0.8739631171067738,0.7986111111111112,0.7986111111111112,0.9444444444444444,/root/phyguard_revision/artifacts/physics_sensitivity_fixed_model_results_v1/predictions/MCS_DROP_PENALTY_0p175__repeat_4.csv,32179c9ee3f7a930f1f4ba36c4e0c95286937e4c730fa9d8a87bda2741fdcf49,/root/phyguard_revision/artifacts/uploaded_phyguard_packages/PhyGuard_R0_Reconstruction_Checkpoint2/phyguard_rebuild/results/full/evaluation_suite/models/repeat_4_phyguard.joblib
PASS,MCS_DROP_PENALTY_0p525,mismatch_mcs_drop_penalty,1.5,1.0,0.525,0,216,216,0.35,0.55,True,0.0,0.9821428571428571,0.7777777777777778,0.06944444444444445,0.857114635471675,0.7638888888888888,0.7638888888888888,0.9305555555555556,/root/phyguard_revision/artifacts/physics_sensitivity_fixed_model_results_v1/predictions/MCS_DROP_PENALTY_0p525__repeat_0.csv,1d37b75b6d6a34ff2f91a5248eaea28c111a53ade08a59965dfe01e1f5c0c2f7,/root/phyguard_revision/artifacts/uploaded_phyguard_packages/PhyGuard_R0_Reconstruction_Checkpoint2/phyguard_rebuild/results/full/evaluation_suite/models/repeat_0_phyguard.joblib
PASS,MCS_DROP_PENALTY_0p525,mismatch_mcs_drop_penalty,1.5,1.0,0.525,1,216,216,0.35,0.45,True,0.0,0.9421487603305785,0.8402777777777778,0.05555555555555555,0.8605443576031812,0.7916666666666667,0.7916666666666666,0.9444444444444444,/root/phyguard_revision/artifacts/physics_sensitivity_fixed_model_results_v1/predictions/MCS_DROP_PENALTY_0p525__repeat_1.csv,b43be099767d4633d0c8e6e1e7ab47a6c848ed82481e028c78bf75d043416e7f,/root/phyguard_revision/artifacts/uploaded_phyguard_packages/PhyGuard_R0_Reconstruction_Checkpoint2/phyguard_rebuild/results/full/evaluation_suite/models/repeat_1_phyguard.joblib
PASS,MCS_DROP_PENALTY_0p525,mismatch_mcs_drop_penalty,1.5,1.0,0.525,2,216,216,0.4,0.45,True,0.0,0.9354838709677419,0.8611111111111112,0.027777777777777776,0.8627168022600404,0.8055555555555556,0.8055555555555556,0.9722222222222222,/root/phyguard_revision/artifacts/physics_sensitivity_fixed_model_results_v1/predictions/MCS_DROP_PENALTY_0p525__repeat_2.csv,b5291181f3915ca72760c4704eda78a7139bf18927659af35ddcfb162067b83d,/root/phyguard_revision/artifacts/uploaded_phyguard_packages/PhyGuard_R0_Reconstruction_Checkpoint2/phyguard_rebuild/results/full/evaluation_suite/models/repeat_2_phyguard.joblib
PASS,MCS_DROP_PENALTY_0p525,mismatch_mcs_drop_penalty,1.5,1.0,0.525,3,216,216,0.45,0.5,True,0.0,0.9557522123893806,0.7847222222222222,0.05555555555555555,0.8385644342336291,0.75,0.75,0.9444444444444444,/root/phyguard_revision/artifacts/physics_sensitivity_fixed_model_results_v1/predictions/MCS_DROP_PENALTY_0p525__repeat_3.csv,44136df3b2f0da8d350d1002da7f6f7fe4c1f2eaaa39e2c38d853d9e8b6e2540,/root/phyguard_revision/artifacts/uploaded_phyguard_packages/PhyGuard_R0_Reconstruction_Checkpoint2/phyguard_rebuild/results/full/evaluation_suite/models/repeat_3_phyguard.joblib
PASS,MCS_DROP_PENALTY_0p525,mismatch_mcs_drop_penalty,1.5,1.0,0.525,4,216,216,0.55,0.45,True,0.0,0.9663865546218487,0.8263888888888888,0.041666666666666664,0.8739631171067738,0.7986111111111112,0.7986111111111112,0.9583333333333334,/root/phyguard_revision/artifacts/physics_sensitivity_fixed_model_results_v1/predictions/MCS_DROP_PENALTY_0p525__repeat_4.csv,142e0ae2c93ad96c7eb3e016ecf392be1ed11fb5843d56760a1805cf2f7f0c94,/root/phyguard_revision/artifacts/uploaded_phyguard_packages/PhyGuard_R0_Reconstruction_Checkpoint2/phyguard_rebuild/results/full/evaluation_suite/models/repeat_4_phyguard.joblib
PASS,MCS_DROP_PENALTY_0p7,mismatch_mcs_drop_penalty,1.5,1.0,0.7,0,216,216,0.35,0.55,True,0.0,0.9821428571428571,0.7777777777777778,0.06944444444444445,0.857114635471675,0.7638888888888888,0.7638888888888888,0.9305555555555556,/root/phyguard_revision/artifacts/physics_sensitivity_fixed_model_results_v1/predictions/MCS_DROP_PENALTY_0p7__repeat_0.csv,9aec368f348a33aa6d6be4474bbe8d34f8498b446ef0fbada8a6593cdaa34d09,/root/phyguard_revision/artifacts/uploaded_phyguard_packages/PhyGuard_R0_Reconstruction_Checkpoint2/phyguard_rebuild/results/full/evaluation_suite/models/repeat_0_phyguard.joblib
PASS,MCS_DROP_PENALTY_0p7,mismatch_mcs_drop_penalty,1.5,1.0,0.7,1,216,216,0.35,0.45,True,0.0,0.95,0.8333333333333334,0.05555555555555555,0.8636172285426017,0.7916666666666667,0.7916666666666666,0.9444444444444444,/root/phyguard_revision/artifacts/physics_sensitivity_fixed_model_results_v1/predictions/MCS_DROP_PENALTY_0p7__repeat_1.csv,6bdf6f908dda71ed50c9d2448d000c865dbfb59ed947ec29a61c46e1d2d83b69,/root/phyguard_revision/artifacts/uploaded_phyguard_packages/PhyGuard_R0_Reconstruction_Checkpoint2/phyguard_rebuild/results/full/evaluation_suite/models/repeat_1_phyguard.joblib
PASS,MCS_DROP_PENALTY_0p7,mismatch_mcs_drop_penalty,1.5,1.0,0.7,2,216,216,0.4,0.45,True,0.0,0.9354838709677419,0.8611111111111112,0.027777777777777776,0.8627168022600404,0.8055555555555556,0.8055555555555556,0.9722222222222222,/root/phyguard_revision/artifacts/physics_sensitivity_fixed_model_results_v1/predictions/MCS_DROP_PENALTY_0p7__repeat_2.csv,54ea43c0bbf9fdfd95a465d89d588a727601d007afa46aff7f17b76c56c7cba7,/root/phyguard_revision/artifacts/uploaded_phyguard_packages/PhyGuard_R0_Reconstruction_Checkpoint2/phyguard_rebuild/results/full/evaluation_suite/models/repeat_2_phyguard.joblib
PASS,MCS_DROP_PENALTY_0p7,mismatch_mcs_drop_penalty,1.5,1.0,0.7,3,216,216,0.45,0.5,True,0.0,0.9557522123893806,0.7847222222222222,0.05555555555555555,0.8385644342336291,0.75,0.75,0.9444444444444444,/root/phyguard_revision/artifacts/physics_sensitivity_fixed_model_results_v1/predictions/MCS_DROP_PENALTY_0p7__repeat_3.csv,9655c27138047e286abd45feff410a9a0e0df039d7316eb10415831f3ea5ee25,/root/phyguard_revision/artifacts/uploaded_phyguard_packages/PhyGuard_R0_Reconstruction_Checkpoint2/phyguard_rebuild/results/full/evaluation_suite/models/repeat_3_phyguard.joblib
PASS,MCS_DROP_PENALTY_0p7,mismatch_mcs_drop_penalty,1.5,1.0,0.7,4,216,216,0.6,0.45,True,0.0,0.9663865546218487,0.8263888888888888,0.041666666666666664,0.8739631171067738,0.7986111111111112,0.7986111111111112,0.9583333333333334,/root/phyguard_revision/artifacts/physics_sensitivity_fixed_model_results_v1/predictions/MCS_DROP_PENALTY_0p7__repeat_4.csv,9f39b3fcc2dc00da98e2869697878fbf0cab0e4fa30dc97931a0ce88c32d01fc,/root/phyguard_revision/artifacts/uploaded_phyguard_packages/PhyGuard_R0_Reconstruction_Checkpoint2/phyguard_rebuild/results/full/evaluation_suite/models/repeat_4_phyguard.joblib
PASS,PHI_SCALE_1p0,phi_scale,1.0,1.0,0.35,0,216,216,0.7,0.05,True,0.0,0.9285714285714286,0.7777777777777778,0.06944444444444445,0.8125544867373293,0.7222222222222223,0.7222222222222222,0.9305555555555556,/root/phyguard_revision/artifacts/physics_sensitivity_fixed_model_results_v1/predictions/PHI_SCALE_1p0__repeat_0.csv,ffee8df38977a59976de84aa88e20310f4177939a99ea92310d1957026b25424,/root/phyguard_revision/artifacts/uploaded_phyguard_packages/PhyGuard_R0_Reconstruction_Checkpoint2/phyguard_rebuild/results/full/evaluation_suite/models/repeat_0_phyguard.joblib
PASS,PHI_SCALE_1p0,phi_scale,1.0,1.0,0.35,1,216,216,0.3,0.45,True,0.0,0.9508196721311475,0.8472222222222222,0.05555555555555555,0.8721166892808684,0.8055555555555556,0.8055555555555556,0.9444444444444444,/root/phyguard_revision/artifacts/physics_sensitivity_fixed_model_results_v1/predictions/PHI_SCALE_1p0__repeat_1.csv,23c82adbe238bf768054069b8adfa80e3ea236dda3ab78155cd22dc177c59098,/root/phyguard_revision/artifacts/uploaded_phyguard_packages/PhyGuard_R0_Reconstruction_Checkpoint2/phyguard_rebuild/results/full/evaluation_suite/models/repeat_1_phyguard.joblib
PASS,PHI_SCALE_1p0,phi_scale,1.0,1.0,0.35,2,216,216,0.4,0.45,True,0.0,0.9435483870967742,0.8611111111111112,0.027777777777777776,0.8708593114665221,0.8125,0.8125,0.9722222222222222,/root/phyguard_revision/artifacts/physics_sensitivity_fixed_model_results_v1/predictions/PHI_SCALE_1p0__repeat_2.csv,706adea0679662b42bb4e29815c524431ce84aa5855942a8464e0f44d9149a14,/root/phyguard_revision/artifacts/uploaded_phyguard_packages/PhyGuard_R0_Reconstruction_Checkpoint2/phyguard_rebuild/results/full/evaluation_suite/models/repeat_2_phyguard.joblib
PASS,PHI_SCALE_1p0,phi_scale,1.0,1.0,0.35,3,216,216,0.45,0.4,True,0.0,0.9344262295081968,0.8472222222222222,0.08333333333333333,0.857231174622479,0.7916666666666666,0.7916666666666666,0.9166666666666666,/root/phyguard_revision/artifacts/physics_sensitivity_fixed_model_results_v1/predictions/PHI_SCALE_1p0__repeat_3.csv,7971a934831e075ba38789f7883bcba73b899f15f33ebb0b275f2e89002837b9,/root/phyguard_revision/artifacts/uploaded_phyguard_packages/PhyGuard_R0_Reconstruction_Checkpoint2/phyguard_rebuild/results/full/evaluation_suite/models/repeat_3_phyguard.joblib
PASS,PHI_SCALE_1p0,phi_scale,1.0,1.0,0.35,4,216,216,0.5,0.45,True,0.0,0.9663865546218487,0.8263888888888888,0.041666666666666664,0.8739631171067738,0.7986111111111112,0.7986111111111112,0.9583333333333334,/root/phyguard_revision/artifacts/physics_sensitivity_fixed_model_results_v1/predictions/PHI_SCALE_1p0__repeat_4.csv,7a47cab86d511218452855f05fd8f67eb70477f2c3ae379d1f2db7cfbb7d22d4,/root/phyguard_revision/artifacts/uploaded_phyguard_packages/PhyGuard_R0_Reconstruction_Checkpoint2/phyguard_rebuild/results/full/evaluation_suite/models/repeat_4_phyguard.joblib
PASS,PHI_SCALE_1p25,phi_scale,1.25,1.0,0.35,0,216,216,0.7,0.35,True,0.0,0.9285714285714286,0.7777777777777778,0.05555555555555555,0.8125544867373293,0.7222222222222223,0.7222222222222222,0.9444444444444444,/root/phyguard_revision/artifacts/physics_sensitivity_fixed_model_results_v1/predictions/PHI_SCALE_1p25__repeat_0.csv,b9837ae1a7e98955127106cde428312bd9f7f09e55d3cbae09f436acb254f1d3,/root/phyguard_revision/artifacts/uploaded_phyguard_packages/PhyGuard_R0_Reconstruction_Checkpoint2/phyguard_rebuild/results/full/evaluation_suite/models/repeat_0_phyguard.joblib
PASS,PHI_SCALE_1p25,phi_scale,1.25,1.0,0.35,1,216,216,0.35,0.45,True,0.0,0.9504132231404959,0.8402777777777778,0.05555555555555555,0.8680461329715061,0.7986111111111112,0.7986111111111112,0.9444444444444444,/root/phyguard_revision/artifacts/physics_sensitivity_fixed_model_results_v1/predictions/PHI_SCALE_1p25__repeat_1.csv,57bb98027034b9c01351c31fd713f3b0138e189e905d8ece9b9a14a2c7fafc85,/root/phyguard_revision/artifacts/uploaded_phyguard_packages/PhyGuard_R0_Reconstruction_Checkpoint2/phyguard_rebuild/results/full/evaluation_suite/models/repeat_1_phyguard.joblib
PASS,PHI_SCALE_1p25,phi_scale,1.25,1.0,0.35,2,216,216,0.3,0.5,True,0.0,0.9661016949152542,0.8194444444444444,0.027777777777777776,0.8646305688244552,0.7916666666666667,0.7916666666666666,0.9722222222222222,/root/phyguard_revision/artifacts/physics_sensitivity_fixed_model_results_v1/predictions/PHI_SCALE_1p25__repeat_2.csv,023d99c5a295113a4e4bd05969c23377ce6dd49ecb7bc96bace5f3c545e5ef0c,/root/phyguard_revision/artifacts/uploaded_phyguard_packages/PhyGuard_R0_Reconstruction_Checkpoint2/phyguard_rebuild/results/full/evaluation_suite/models/repeat_2_phyguard.joblib
PASS,PHI_SCALE_1p25,phi_scale,1.25,1.0,0.35,3,216,216,0.5,0.4,True,0.0,0.9344262295081968,0.8472222222222222,0.08333333333333333,0.857231174622479,0.7916666666666666,0.7916666666666666,0.9166666666666666,/root/phyguard_revision/artifacts/physics_sensitivity_fixed_model_results_v1/predictions/PHI_SCALE_1p25__repeat_3.csv,56266edf89434ba2b5d609f9b0a9426722aee01f798548a53df438e9da20083f,/root/phyguard_revision/artifacts/uploaded_phyguard_packages/PhyGuard_R0_Reconstruction_Checkpoint2/phyguard_rebuild/results/full/evaluation_suite/models/repeat_3_phyguard.joblib
PASS,PHI_SCALE_1p25,phi_scale,1.25,1.0,0.35,4,216,216,0.5,0.45,True,0.0,0.9663865546218487,0.8263888888888888,0.05555555555555555,0.8739631171067738,0.7986111111111112,0.7986111111111112,0.9444444444444444,/root/phyguard_revision/artifacts/physics_sensitivity_fixed_model_results_v1/predictions/PHI_SCALE_1p25__repeat_4.csv,afe1457edf0e633fdbc7df820fae0a4e39d175882af35bdd0e177dc5b38bf533,/root/phyguard_revision/artifacts/uploaded_phyguard_packages/PhyGuard_R0_Reconstruction_Checkpoint2/phyguard_rebuild/results/full/evaluation_suite/models/repeat_4_phyguard.joblib
PASS,PHI_SCALE_2p0,phi_scale,2.0,1.0,0.35,0,216,216,0.7,0.35,True,0.0,0.9210526315789473,0.7916666666666666,0.05555555555555555,0.8141657898607293,0.7291666666666667,0.7291666666666666,0.9444444444444444,/root/phyguard_revision/artifacts/physics_sensitivity_fixed_model_results_v1/predictions/PHI_SCALE_2p0__repeat_0.csv,42487c360581a431cc69eb5e4a5ac5f3d5885a1b594b81ea79bfef8fba0e3f3a,/root/phyguard_revision/artifacts/uploaded_phyguard_packages/PhyGuard_R0_Reconstruction_Checkpoint2/phyguard_rebuild/results/full/evaluation_suite/models/repeat_0_phyguard.joblib
PASS,PHI_SCALE_2p0,phi_scale,2.0,1.0,0.35,1,216,216,0.4,0.45,True,0.0,0.9421487603305785,0.8402777777777778,0.05555555555555555,0.8606609077197312,0.7916666666666666,0.7916666666666666,0.9444444444444444,/root/phyguard_revision/artifacts/physics_sensitivity_fixed_model_results_v1/predictions/PHI_SCALE_2p0__repeat_1.csv,dfca9852e477f8a23346bc72802ca6ec25db380d2a94b39d6cf363ad00162654,/root/phyguard_revision/artifacts/uploaded_phyguard_packages/PhyGuard_R0_Reconstruction_Checkpoint2/phyguard_rebuild/results/full/evaluation_suite/models/repeat_1_phyguard.joblib
PASS,PHI_SCALE_2p0,phi_scale,2.0,1.0,0.35,2,216,216,0.35,0.45,True,0.0,0.9444444444444444,0.875,0.027777777777777776,0.878842504743833,0.8263888888888888,0.8263888888888888,0.9722222222222222,/root/phyguard_revision/artifacts/physics_sensitivity_fixed_model_results_v1/predictions/PHI_SCALE_2p0__repeat_2.csv,92d8053262577f80ed4d19d9929cd6ab87b2ce7da96f8f422b6e436993df7b18,/root/phyguard_revision/artifacts/uploaded_phyguard_packages/PhyGuard_R0_Reconstruction_Checkpoint2/phyguard_rebuild/results/full/evaluation_suite/models/repeat_2_phyguard.joblib
PASS,PHI_SCALE_2p0,phi_scale,2.0,1.0,0.35,3,216,216,0.55,0.35,True,0.0,0.928,0.8680555555555556,0.1111111111111111,0.8626961274020097,0.8055555555555556,0.8055555555555556,0.8888888888888888,/root/phyguard_revision/artifacts/physics_sensitivity_fixed_model_results_v1/predictions/PHI_SCALE_2p0__repeat_3.csv,697dc36bf3024bab614e2b990a5a8f14e68fd83672c5a80720a44d2a49bb7426,/root/phyguard_revision/artifacts/uploaded_phyguard_packages/PhyGuard_R0_Reconstruction_Checkpoint2/phyguard_rebuild/results/full/evaluation_suite/models/repeat_3_phyguard.joblib
PASS,PHI_SCALE_2p0,phi_scale,2.0,1.0,0.35,4,216,216,0.55,0.45,True,0.0,0.9663865546218487,0.8263888888888888,0.041666666666666664,0.8739631171067738,0.7986111111111112,0.7986111111111112,0.9583333333333334,/root/phyguard_revision/artifacts/physics_sensitivity_fixed_model_results_v1/predictions/PHI_SCALE_2p0__repeat_4.csv,84444c9b8ca59f67fd76bb28d368bc6e5fb117e48d286667f37867f4fad05657,/root/phyguard_revision/artifacts/uploaded_phyguard_packages/PhyGuard_R0_Reconstruction_Checkpoint2/phyguard_rebuild/results/full/evaluation_suite/models/repeat_4_phyguard.joblib
PASS,PHI_SCALE_2p5,phi_scale,2.5,1.0,0.35,0,216,216,0.4,0.55,True,0.0,0.9821428571428571,0.7777777777777778,0.06944444444444445,0.8574907244836288,0.7638888888888888,0.7638888888888888,0.9305555555555556,/root/phyguard_revision/artifacts/physics_sensitivity_fixed_model_results_v1/predictions/PHI_SCALE_2p5__repeat_0.csv,62c37ff2a4497b008f42a9e7946373611efa244e2bb7efa90f744b0ec03b566f,/root/phyguard_revision/artifacts/uploaded_phyguard_packages/PhyGuard_R0_Reconstruction_Checkpoint2/phyguard_rebuild/results/full/evaluation_suite/models/repeat_0_phyguard.joblib
PASS,PHI_SCALE_2p5,phi_scale,2.5,1.0,0.35,1,216,216,0.4,0.45,True,0.0,0.943089430894309,0.8541666666666666,0.05555555555555555,0.8691568893500413,0.8055555555555556,0.8055555555555556,0.9444444444444444,/root/phyguard_revision/artifacts/physics_sensitivity_fixed_model_results_v1/predictions/PHI_SCALE_2p5__repeat_1.csv,2d6ea9e171218806ad117676f29f8d8741e2ea1dc77aff76f7494e8f4a7e2a35,/root/phyguard_revision/artifacts/uploaded_phyguard_packages/PhyGuard_R0_Reconstruction_Checkpoint2/phyguard_rebuild/results/full/evaluation_suite/models/repeat_1_phyguard.joblib
PASS,PHI_SCALE_2p5,phi_scale,2.5,1.0,0.35,2,216,216,0.4,0.45,True,0.0,0.9435483870967742,0.8611111111111112,0.027777777777777776,0.8708593114665221,0.8125,0.8125,0.9722222222222222,/root/phyguard_revision/artifacts/physics_sensitivity_fixed_model_results_v1/predictions/PHI_SCALE_2p5__repeat_2.csv,b7bfb1d89453f645c9f93d7bdce32accab8b86081a00921fd73b2b42735640af,/root/phyguard_revision/artifacts/uploaded_phyguard_packages/PhyGuard_R0_Reconstruction_Checkpoint2/phyguard_rebuild/results/full/evaluation_suite/models/repeat_2_phyguard.joblib
PASS,PHI_SCALE_2p5,phi_scale,2.5,1.0,0.35,3,216,216,0.45,0.5,True,0.0,0.9565217391304348,0.7986111111111112,0.05555555555555555,0.8477585560128253,0.763888888888889,0.7638888888888888,0.9444444444444444,/root/phyguard_revision/artifacts/physics_sensitivity_fixed_model_results_v1/predictions/PHI_SCALE_2p5__repeat_3.csv,ff3d6c150556111deaa2cdba64e4e67740e959d0819b3f401f99e1f0942be5b7,/root/phyguard_revision/artifacts/uploaded_phyguard_packages/PhyGuard_R0_Reconstruction_Checkpoint2/phyguard_rebuild/results/full/evaluation_suite/models/repeat_3_phyguard.joblib
PASS,PHI_SCALE_2p5,phi_scale,2.5,1.0,0.35,4,216,216,0.55,0.45,True,0.0,0.9663865546218487,0.8263888888888888,0.05555555555555555,0.8739631171067738,0.7986111111111112,0.7986111111111112,0.9444444444444444,/root/phyguard_revision/artifacts/physics_sensitivity_fixed_model_results_v1/predictions/PHI_SCALE_2p5__repeat_4.csv,a01f6929ea28957acb94e10691a10c4e30dcbf35ca8c57bfd6825912d864345c,/root/phyguard_revision/artifacts/uploaded_phyguard_packages/PhyGuard_R0_Reconstruction_Checkpoint2/phyguard_rebuild/results/full/evaluation_suite/models/repeat_4_phyguard.joblib
