policy_id,fsr_max,selected_accuracy_min,is_default,repeat,tau_g,tau_c,calibration_feasible,calibration_penalty,selected_accuracy,coverage,false_specific_rate,macro_f1,balanced_accuracy,physical_exact_match,control_abstention
FSR_0p025__SA_0p85,0.025,0.85,False,0,0.8,0.35,True,0.0,0.9230769230769231,0.7222222222222222,0.027777777777777776,0.7712685597990478,0.6666666666666667,0.6666666666666666,0.9722222222222222
FSR_0p025__SA_0p85,0.025,0.85,False,1,0.65,0.35,True,0.0,0.9035087719298246,0.7916666666666666,0.0,0.7972065900008156,0.7152777777777777,0.7152777777777778,1.0
FSR_0p025__SA_0p85,0.025,0.85,False,2,0.55,0.5,True,0.0,0.963963963963964,0.7708333333333334,0.027777777777777776,0.8358993629033515,0.7430555555555556,0.7430555555555556,0.9722222222222222
FSR_0p025__SA_0p85,0.025,0.85,False,3,0.5,0.5,True,0.0,0.9557522123893806,0.7847222222222222,0.05555555555555555,0.8385644342336291,0.75,0.75,0.9444444444444444
FSR_0p025__SA_0p85,0.025,0.85,False,4,0.5,0.55,True,0.0,0.9824561403508771,0.7916666666666666,0.027777777777777776,0.8675123487623487,0.7777777777777777,0.7777777777777778,0.9722222222222222
FSR_0p025__SA_0p9,0.025,0.9,False,0,0.8,0.35,True,0.0,0.9230769230769231,0.7222222222222222,0.027777777777777776,0.7712685597990478,0.6666666666666667,0.6666666666666666,0.9722222222222222
FSR_0p025__SA_0p9,0.025,0.9,False,1,0.65,0.35,True,0.0,0.9035087719298246,0.7916666666666666,0.0,0.7972065900008156,0.7152777777777777,0.7152777777777778,1.0
FSR_0p025__SA_0p9,0.025,0.9,False,2,0.55,0.5,True,0.0,0.963963963963964,0.7708333333333334,0.027777777777777776,0.8358993629033515,0.7430555555555556,0.7430555555555556,0.9722222222222222
FSR_0p025__SA_0p9,0.025,0.9,False,3,0.5,0.5,True,0.0,0.9557522123893806,0.7847222222222222,0.05555555555555555,0.8385644342336291,0.75,0.75,0.9444444444444444
FSR_0p025__SA_0p9,0.025,0.9,False,4,0.5,0.55,True,0.0,0.9824561403508771,0.7916666666666666,0.027777777777777776,0.8675123487623487,0.7777777777777777,0.7777777777777778,0.9722222222222222
FSR_0p025__SA_0p95,0.025,0.95,False,0,0.25,0.65,True,0.0,0.9900990099009901,0.7013888888888888,0.041666666666666664,0.809261234275464,0.6944444444444444,0.6944444444444444,0.9583333333333334
FSR_0p025__SA_0p95,0.025,0.95,False,1,0.15,0.6,True,0.0,0.981651376146789,0.7569444444444444,0.041666666666666664,0.8418195703653841,0.7430555555555556,0.7430555555555556,0.9583333333333334
FSR_0p025__SA_0p95,0.025,0.95,False,2,0.55,0.6,True,0.0,0.9711538461538461,0.7222222222222222,0.0,0.8115993107769424,0.701388888888889,0.7013888888888888,1.0
FSR_0p025__SA_0p95,0.025,0.95,False,3,0.5,0.5,True,0.0,0.9557522123893806,0.7847222222222222,0.05555555555555555,0.8385644342336291,0.75,0.75,0.9444444444444444
FSR_0p025__SA_0p95,0.025,0.95,False,4,0.5,0.55,True,0.0,0.9824561403508771,0.7916666666666666,0.027777777777777776,0.8675123487623487,0.7777777777777777,0.7777777777777778,0.9722222222222222
FSR_0p05__SA_0p85,0.05,0.85,False,0,0.7,0.35,True,0.0,0.9292035398230089,0.7847222222222222,0.05555555555555555,0.8172907898607293,0.7291666666666667,0.7291666666666666,0.9444444444444444
FSR_0p05__SA_0p85,0.05,0.85,False,1,0.35,0.45,True,0.0,0.9504132231404959,0.8402777777777778,0.05555555555555555,0.8680461329715061,0.7986111111111112,0.7986111111111112,0.9444444444444444
FSR_0p05__SA_0p85,0.05,0.85,False,2,0.4,0.45,True,0.0,0.9354838709677419,0.8611111111111112,0.027777777777777776,0.8627168022600404,0.8055555555555556,0.8055555555555556,0.9722222222222222
FSR_0p05__SA_0p85,0.05,0.85,False,3,0.5,0.4,True,0.0,0.9344262295081968,0.8472222222222222,0.08333333333333333,0.857231174622479,0.7916666666666666,0.7916666666666666,0.9166666666666666
FSR_0p05__SA_0p85,0.05,0.85,False,4,0.5,0.45,True,0.0,0.9663865546218487,0.8263888888888888,0.05555555555555555,0.8739631171067738,0.7986111111111112,0.7986111111111112,0.9444444444444444
FSR_0p05__SA_0p9,0.05,0.9,True,0,0.7,0.35,True,0.0,0.9292035398230089,0.7847222222222222,0.05555555555555555,0.8172907898607293,0.7291666666666667,0.7291666666666666,0.9444444444444444
FSR_0p05__SA_0p9,0.05,0.9,True,1,0.35,0.45,True,0.0,0.9504132231404959,0.8402777777777778,0.05555555555555555,0.8680461329715061,0.7986111111111112,0.7986111111111112,0.9444444444444444
FSR_0p05__SA_0p9,0.05,0.9,True,2,0.4,0.45,True,0.0,0.9354838709677419,0.8611111111111112,0.027777777777777776,0.8627168022600404,0.8055555555555556,0.8055555555555556,0.9722222222222222
FSR_0p05__SA_0p9,0.05,0.9,True,3,0.5,0.4,True,0.0,0.9344262295081968,0.8472222222222222,0.08333333333333333,0.857231174622479,0.7916666666666666,0.7916666666666666,0.9166666666666666
FSR_0p05__SA_0p9,0.05,0.9,True,4,0.5,0.45,True,0.0,0.9663865546218487,0.8263888888888888,0.05555555555555555,0.8739631171067738,0.7986111111111112,0.7986111111111112,0.9444444444444444
FSR_0p05__SA_0p95,0.05,0.95,False,0,0.35,0.55,True,0.0,0.9821428571428571,0.7777777777777778,0.06944444444444445,0.857114635471675,0.7638888888888888,0.7638888888888888,0.9305555555555556
FSR_0p05__SA_0p95,0.05,0.95,False,1,0.35,0.45,True,0.0,0.9504132231404959,0.8402777777777778,0.05555555555555555,0.8680461329715061,0.7986111111111112,0.7986111111111112,0.9444444444444444
FSR_0p05__SA_0p95,0.05,0.95,False,2,0.3,0.6,True,0.0,0.9727272727272728,0.7638888888888888,0.0,0.83693463721521,0.7430555555555556,0.7430555555555556,1.0
FSR_0p05__SA_0p95,0.05,0.95,False,3,0.45,0.5,True,0.0,0.9557522123893806,0.7847222222222222,0.05555555555555555,0.8385644342336291,0.75,0.75,0.9444444444444444
FSR_0p05__SA_0p95,0.05,0.95,False,4,0.5,0.5,True,0.0,0.9743589743589743,0.8125,0.041666666666666664,0.8731716200466201,0.7916666666666667,0.7916666666666666,0.9583333333333334
FSR_0p1__SA_0p85,0.1,0.85,False,0,0.3,0.35,True,0.0,0.9090909090909091,0.9166666666666666,0.125,0.8694830970016765,0.8333333333333333,0.8333333333333334,0.875
FSR_0p1__SA_0p85,0.1,0.85,False,1,0.3,0.35,True,0.0,0.9153846153846154,0.9027777777777778,0.05555555555555555,0.8693921651065303,0.8263888888888888,0.8263888888888888,0.9444444444444444
FSR_0p1__SA_0p85,0.1,0.85,False,2,0.35,0.05,True,0.0,0.921875,0.8888888888888888,0.08333333333333333,0.8656857670604473,0.8194444444444444,0.8194444444444444,0.9166666666666666
FSR_0p1__SA_0p85,0.1,0.85,False,3,0.25,0.5,True,0.0,0.9568965517241379,0.8055555555555556,0.06944444444444445,0.8508547612546506,0.7708333333333334,0.7708333333333334,0.9305555555555556
FSR_0p1__SA_0p85,0.1,0.85,False,4,0.35,0.4,True,0.0,0.944,0.8680555555555556,0.06944444444444445,0.877294676350866,0.8194444444444445,0.8194444444444444,0.9305555555555556
FSR_0p1__SA_0p9,0.1,0.9,False,0,0.3,0.35,True,0.0,0.9090909090909091,0.9166666666666666,0.125,0.8694830970016765,0.8333333333333333,0.8333333333333334,0.875
FSR_0p1__SA_0p9,0.1,0.9,False,1,0.3,0.35,True,0.0,0.9153846153846154,0.9027777777777778,0.05555555555555555,0.8693921651065303,0.8263888888888888,0.8263888888888888,0.9444444444444444
FSR_0p1__SA_0p9,0.1,0.9,False,2,0.35,0.35,True,0.0,0.921875,0.8888888888888888,0.06944444444444445,0.8656857670604473,0.8194444444444444,0.8194444444444444,0.9305555555555556
FSR_0p1__SA_0p9,0.1,0.9,False,3,0.25,0.5,True,0.0,0.9568965517241379,0.8055555555555556,0.06944444444444445,0.8508547612546506,0.7708333333333334,0.7708333333333334,0.9305555555555556
FSR_0p1__SA_0p9,0.1,0.9,False,4,0.35,0.4,True,0.0,0.944,0.8680555555555556,0.06944444444444445,0.877294676350866,0.8194444444444445,0.8194444444444444,0.9305555555555556
FSR_0p1__SA_0p95,0.1,0.95,False,0,0.3,0.4,True,0.0,0.9224806201550387,0.8958333333333334,0.1111111111111111,0.8716363298817101,0.8263888888888888,0.8263888888888888,0.8888888888888888
FSR_0p1__SA_0p95,0.1,0.95,False,1,0.2,0.45,True,0.0,0.9523809523809523,0.875,0.125,0.8885838477919632,0.8333333333333333,0.8333333333333334,0.875
FSR_0p1__SA_0p95,0.1,0.95,False,2,0.15,0.6,True,0.0,0.9734513274336283,0.7847222222222222,0.041666666666666664,0.8490373148559263,0.763888888888889,0.7638888888888888,0.9583333333333334
FSR_0p1__SA_0p95,0.1,0.95,False,3,0.35,0.5,True,0.0,0.9565217391304348,0.7986111111111112,0.05555555555555555,0.8467842049452883,0.763888888888889,0.7638888888888888,0.9444444444444444
FSR_0p1__SA_0p95,0.1,0.95,False,4,0.25,0.5,True,0.0,0.959349593495935,0.8541666666666666,0.06944444444444445,0.8830553116769095,0.8194444444444444,0.8194444444444444,0.9305555555555556
