policy_id,fsr_max,selected_accuracy_min,is_default,repeat_count,selected_accuracy_mean,selected_accuracy_std,coverage_mean,coverage_std,false_specific_rate_mean,false_specific_rate_std,macro_f1_mean,macro_f1_std,balanced_accuracy_mean,balanced_accuracy_std,physical_exact_match_mean,physical_exact_match_std,control_abstention_mean,control_abstention_std
FSR_0p025__SA_0p85,0.025,0.85,False,5,0.9457516023421938,0.028557041963830854,0.7722222222222223,0.02613178850309274,0.02777777777777778,0.017568209223157664,0.8220902591398385,0.03384463954942872,0.7305555555555555,0.03762838106706681,0.7305555555555555,0.03762838106706687,0.9722222222222223,0.01756820922315767
FSR_0p025__SA_0p9,0.025,0.9,False,5,0.9457516023421938,0.028557041963830854,0.7722222222222223,0.02613178850309274,0.02777777777777778,0.017568209223157664,0.8220902591398385,0.03384463954942872,0.7305555555555555,0.03762838106706681,0.7305555555555555,0.03762838106706687,0.9722222222222223,0.01756820922315767
FSR_0p025__SA_0p95,0.025,0.95,False,5,0.9762225169883767,0.01187949849064093,0.7513888888888889,0.034971328644483816,0.03333333333333334,0.0188398055086813,0.8337513796827537,0.021533906320370038,0.7333333333333333,0.03124228299778328,0.7333333333333333,0.031242282997783335,0.9666666666666668,0.0188398055086813
FSR_0p05__SA_0p85,0.05,0.85,False,5,0.9431826836122583,0.013579867432280275,0.8319444444444445,0.026131788503092765,0.05555555555555556,0.017568209223157664,0.8558496033643058,0.020063419315642435,0.7847222222222222,0.02812285657127302,0.7847222222222221,0.028122856571273062,0.9444444444444444,0.01756820922315767
FSR_0p05__SA_0p9,0.05,0.9,True,5,0.9431826836122583,0.013579867432280275,0.8319444444444445,0.026131788503092765,0.05555555555555556,0.017568209223157664,0.8558496033643058,0.020063419315642435,0.7847222222222222,0.02812285657127302,0.7847222222222221,0.028122856571273062,0.9444444444444444,0.01756820922315767
FSR_0p05__SA_0p95,0.05,0.95,False,5,0.9670789079517961,0.01198219545286992,0.7958333333333334,0.027287337089428487,0.04444444444444444,0.023895347964007295,0.8547662919877281,0.01483976483128211,0.7694444444444445,0.022135246459040615,0.7694444444444444,0.022135246459040595,0.9555555555555555,0.0238953479640073
FSR_0p1__SA_0p85,0.1,0.85,False,5,0.9294494152399324,0.018081614705879465,0.8763888888888888,0.03888888888888887,0.08055555555555556,0.023895347964007295,0.8665420933548342,0.008708801704838794,0.8138888888888889,0.022135246459040563,0.8138888888888889,0.022135246459040577,0.9194444444444445,0.023895347964007295
FSR_0p1__SA_0p9,0.1,0.9,False,5,0.9294494152399324,0.018081614705879465,0.8763888888888888,0.03888888888888887,0.07777777777777777,0.02421610524189263,0.8665420933548342,0.008708801704838794,0.8138888888888889,0.022135246459040563,0.8138888888888889,0.022135246459040577,0.9222222222222222,0.02421610524189263
FSR_0p1__SA_0p95,0.1,0.95,False,5,0.9528368465191978,0.01674908623566145,0.8416666666666668,0.04312270748961118,0.08055555555555556,0.03215510250775063,0.8678194018303594,0.017164558857148834,0.8013888888888889,0.03093202423794451,0.8013888888888889,0.030932024237944587,0.9194444444444445,0.032155102507750645
