system,variant,repeat,full_selected_accuracy,variant_selected_accuracy,delta
source,NO_PER_RAW,0,0.9292035398230089,0.9203539823008849,-0.008849557522123908
source,NO_PER_RAW,1,0.9504132231404959,0.9649122807017544,0.014499057561258466
source,NO_PER_RAW,2,0.9354838709677419,0.9435483870967742,0.008064516129032362
source,NO_PER_RAW,3,0.9344262295081968,0.936,0.0015737704918032946
source,NO_PER_RAW,4,0.9663865546218487,0.9743589743589743,0.007972419737125591
source,NO_PER_SCORE,0,0.9292035398230089,0.9819819819819819,0.05277844215897309
source,NO_PER_SCORE,1,0.9504132231404959,0.9576271186440678,0.007213895503571877
source,NO_PER_SCORE,2,0.9354838709677419,0.936,0.0005161290322581724
source,NO_PER_SCORE,3,0.9344262295081968,0.9291338582677166,-0.005292371240480209
source,NO_PER_SCORE,4,0.9663865546218487,0.9747899159663865,0.008403361344537785
source,NO_ERROR_INDICATOR,0,0.9292035398230089,0.9734513274336283,0.04424778761061943
source,NO_ERROR_INDICATOR,1,0.9504132231404959,0.9576271186440678,0.007213895503571877
source,NO_ERROR_INDICATOR,2,0.9354838709677419,0.9596774193548387,0.024193548387096864
source,NO_ERROR_INDICATOR,3,0.9344262295081968,0.9365079365079365,0.002081706999739752
source,NO_ERROR_INDICATOR,4,0.9663865546218487,0.9666666666666667,0.0002801120448179262
sionna,NO_PER_RAW,0,0.636650868878357,0.6034214618973561,-0.03322940698100085
sionna,NO_PER_RAW,1,0.6975476839237057,0.768,0.07045231607629432
sionna,NO_PER_RAW,2,0.6913265306122449,0.6633416458852868,-0.027984884726958148
sionna,NO_PER_RAW,3,0.5231910946196661,0.5566343042071198,0.033443209587453726
sionna,NO_PER_RAW,4,0.4720194647201946,0.4758842443729904,0.0038647796527957468
sionna,NO_PER_SCORE,0,0.636650868878357,0.8571428571428571,0.22049198826450012
sionna,NO_PER_SCORE,1,0.6975476839237057,0.7945205479452054,0.09697286402149974
sionna,NO_PER_SCORE,2,0.6913265306122449,0.6243822075782537,-0.06694432303399123
sionna,NO_PER_SCORE,3,0.5231910946196661,0.48813056379821956,-0.0350605308214465
sionna,NO_PER_SCORE,4,0.4720194647201946,0.39348370927318294,-0.07853575544701169
sionna,NO_ERROR_INDICATOR,0,0.636650868878357,0.796078431372549,0.159427562494192
sionna,NO_ERROR_INDICATOR,1,0.6975476839237057,0.7564935064935064,0.05894582256980074
sionna,NO_ERROR_INDICATOR,2,0.6913265306122449,0.5751503006012024,-0.11617623001104249
sionna,NO_ERROR_INDICATOR,3,0.5231910946196661,0.553921568627451,0.030730474007784947
sionna,NO_ERROR_INDICATOR,4,0.4720194647201946,0.4758454106280193,0.0038259459078247016
