system,variant,repeat,tau_g,tau_c,selected_accuracy,physical_selection_rate,coverage,false_specific_rate,physical_exact_match,control_abstention,selected_physical_count,physical_count,control_count
sionna,FULL,0,0.7,0.35,0.636650868878357,0.896600566572238,0.896600566572238,0.13445378151260504,0.5708215297450425,0.865546218487395,633,706,119
sionna,FULL,1,0.35,0.45,0.6975476839237057,0.5198300283286119,0.5198300283286119,0.07563025210084033,0.3626062322946176,0.9243697478991597,367,706,119
sionna,FULL,2,0.4,0.45,0.6913265306122449,0.5552407932011332,0.5552407932011332,0.06722689075630252,0.3838526912181303,0.9327731092436975,392,706,119
sionna,FULL,3,0.5,0.4,0.5231910946196661,0.7634560906515581,0.7634560906515581,0.13445378151260504,0.39943342776203966,0.865546218487395,539,706,119
sionna,FULL,4,0.5,0.45,0.4720194647201946,0.5821529745042493,0.5821529745042493,0.08403361344537816,0.2747875354107649,0.9159663865546218,411,706,119
sionna,NO_PER_RAW,0,0.7,0.35,0.6034214618973561,0.9107648725212465,0.9107648725212465,0.15126050420168066,0.5495750708215298,0.8487394957983193,643,706,119
sionna,NO_PER_RAW,1,0.15,0.55,0.768,0.35410764872521244,0.35410764872521244,0.07563025210084033,0.2719546742209632,0.9243697478991597,250,706,119
sionna,NO_PER_RAW,2,0.4,0.45,0.6633416458852868,0.5679886685552408,0.5679886685552408,0.07563025210084033,0.37677053824362605,0.9243697478991597,401,706,119
sionna,NO_PER_RAW,3,0.55,0.35,0.5566343042071198,0.8753541076487252,0.8753541076487252,0.17647058823529413,0.48725212464589235,0.8235294117647058,618,706,119
sionna,NO_PER_RAW,4,0.5,0.5,0.4758842443729904,0.4405099150141643,0.4405099150141643,0.058823529411764705,0.2096317280453258,0.9411764705882353,311,706,119
sionna,NO_PER_SCORE,0,0.3,0.55,0.8571428571428571,0.29745042492917845,0.29745042492917845,0.09243697478991597,0.254957507082153,0.907563025210084,210,706,119
sionna,NO_PER_SCORE,1,0.3,0.5,0.7945205479452054,0.41359773371104813,0.41359773371104813,0.07563025210084033,0.3286118980169972,0.9243697478991597,292,706,119
sionna,NO_PER_SCORE,2,0.5,0.35,0.6243822075782537,0.8597733711048159,0.8597733711048159,0.2689075630252101,0.5368271954674221,0.73109243697479,607,706,119
sionna,NO_PER_SCORE,3,0.5,0.05,0.48813056379821956,0.9546742209631728,0.9546742209631728,0.2857142857142857,0.4660056657223796,0.7142857142857143,674,706,119
sionna,NO_PER_SCORE,4,0.55,0.45,0.39348370927318294,0.5651558073654391,0.5651558073654391,0.13445378151260504,0.22237960339943344,0.865546218487395,399,706,119
sionna,NO_ERROR_INDICATOR,0,0.3,0.55,0.796078431372549,0.3611898016997167,0.3611898016997167,0.058823529411764705,0.28753541076487255,0.9411764705882353,255,706,119
sionna,NO_ERROR_INDICATOR,1,0.3,0.5,0.7564935064935064,0.43626062322946174,0.43626062322946174,0.10084033613445378,0.330028328611898,0.8991596638655462,308,706,119
sionna,NO_ERROR_INDICATOR,2,0.45,0.4,0.5751503006012024,0.7067988668555241,0.7067988668555241,0.15966386554621848,0.4065155807365439,0.8403361344537815,499,706,119
sionna,NO_ERROR_INDICATOR,3,0.5,0.35,0.553921568627451,0.8668555240793201,0.8668555240793201,0.2689075630252101,0.4801699716713881,0.73109243697479,612,706,119
sionna,NO_ERROR_INDICATOR,4,0.55,0.45,0.4758454106280193,0.5864022662889519,0.5864022662889519,0.15126050420168066,0.2790368271954674,0.8487394957983193,414,706,119
