system,variant,repeat,method,selected_accuracy,coverage,false_specific_rate,macro_f1,balanced_accuracy,validation_feasible,tau,tau_g,tau_c
source,FULL,0,PhyGuard,0.9292035398230089,0.7847222222222222,0.0555555555555555,0.8172907898607293,0.7291666666666667,True,,0.7,0.35
source,FULL,1,PhyGuard,0.950413223140496,0.8402777777777778,0.0555555555555555,0.8680461329715061,0.7986111111111112,True,,0.35,0.45
source,FULL,2,PhyGuard,0.935483870967742,0.8611111111111112,0.0277777777777777,0.8627168022600404,0.8055555555555556,True,,0.4,0.45
source,FULL,3,PhyGuard,0.9344262295081968,0.8472222222222222,0.0833333333333333,0.857231174622479,0.7916666666666666,True,,0.5,0.4
source,FULL,4,PhyGuard,0.9663865546218487,0.8263888888888888,0.0555555555555555,0.8739631171067738,0.7986111111111112,True,,0.5,0.45
source,NO_PER_RAW,0,PhyGuard,0.9203539823008848,0.7847222222222222,0.0555555555555555,0.80967993754879,0.7222222222222223,True,,0.7,0.35
source,NO_PER_RAW,1,PhyGuard,0.9649122807017544,0.7916666666666666,0.0555555555555555,0.8497833413577276,0.7638888888888888,True,,0.15,0.55
source,NO_PER_RAW,2,PhyGuard,0.9435483870967742,0.8611111111111112,0.0138888888888888,0.8716863557017008,0.8125,True,,0.4,0.45
source,NO_PER_RAW,3,PhyGuard,0.936,0.8680555555555556,0.0972222222222222,0.8698389845448669,0.8125000000000001,True,,0.55,0.35
source,NO_PER_RAW,4,PhyGuard,0.9743589743589745,0.8125,0.0416666666666666,0.8731716200466201,0.7916666666666666,True,,0.5,0.5
source,NO_PER_SCORE,0,PhyGuard,0.981981981981982,0.7708333333333334,0.0555555555555555,0.8524360796748857,0.7569444444444444,True,,0.3,0.55
source,NO_PER_SCORE,1,PhyGuard,0.9576271186440678,0.8194444444444444,0.0277777777777777,0.8614738805970149,0.7847222222222223,True,,0.3,0.5
source,NO_PER_SCORE,2,PhyGuard,0.936,0.8680555555555556,0.0555555555555555,0.8686725903047786,0.8125,True,,0.5,0.35
source,NO_PER_SCORE,3,PhyGuard,0.9291338582677166,0.8819444444444444,0.125,0.8710369407762723,0.8194444444444445,True,,0.5,0.05
source,NO_PER_SCORE,4,PhyGuard,0.9747899159663864,0.8263888888888888,0.0416666666666666,0.8819225550568834,0.8055555555555557,True,,0.55,0.45
source,NO_ERROR_INDICATOR,0,PhyGuard,0.9734513274336284,0.7847222222222222,0.0555555555555555,0.8544458082975175,0.7638888888888888,True,,0.3,0.55
source,NO_ERROR_INDICATOR,1,PhyGuard,0.9576271186440678,0.8194444444444444,0.0277777777777777,0.8613288867020211,0.7847222222222222,True,,0.3,0.5
source,NO_ERROR_INDICATOR,2,PhyGuard,0.9596774193548387,0.8611111111111112,0.0416666666666666,0.8860666847384114,0.8263888888888888,True,,0.45,0.4
source,NO_ERROR_INDICATOR,3,PhyGuard,0.9365079365079364,0.875,0.1111111111111111,0.8741976585336512,0.8194444444444445,True,,0.5,0.35
source,NO_ERROR_INDICATOR,4,PhyGuard,0.9666666666666668,0.8333333333333334,0.0416666666666666,0.8785304247990815,0.8055555555555557,True,,0.55,0.45
