model_id,repeat,tau,selected_accuracy,coverage,false_specific_rate,macro_f1,balanced_accuracy,selected_count,sample_count,physical_selection_rate,physical_exact_match,control_abstention,all_sample_accuracy_with_abstain_as_error,all_sample_macro_f1_with_abstain_class,all_sample_balanced_accuracy_with_abstain_as_error,training_seconds,task_seconds,inference_median_ms_per_interval,parameter_count,serialized_model_bytes
ROCKET,0,0.0200095996260643,0.916030534351145,0.9097222222222222,0.125,0.8720795718823124,0.8333333333333333,140.0,216.0,0.9097222222222222,0.8333333333333334,0.875,0.5555555555555556,0.4820395258456293,0.5555555555555555,41.17861120999987,148.61520323700006,32.63239593518371,,1297661
ROCKET,1,0.0200095996260643,0.9562043795620438,0.9513888888888888,0.08333333333333333,0.9314308170902348,0.9097222222222222,143.0,216.0,0.9513888888888888,0.9097222222222222,0.9166666666666666,0.6064814814814815,0.521056460186895,0.6064814814814815,21.862368693000008,130.51680392700018,33.0860243310185,,1299033
ROCKET,2,0.0200095996260643,0.9197080291970803,0.9513888888888888,0.1111111111111111,0.8963080054648069,0.8750000000000001,145.0,216.0,0.9513888888888888,0.875,0.8888888888888888,0.5833333333333334,0.4976318492163922,0.5833333333333334,21.545071257999552,128.4337445440001,32.47064439814814,,1292087
ROCKET,3,0.0200095996260643,0.946969696969697,0.9166666666666666,0.06944444444444445,0.9053763953947664,0.8680555555555556,137.0,216.0,0.9166666666666666,0.8680555555555556,0.9305555555555556,0.5787037037037037,0.5079159055620563,0.5787037037037037,22.055923126999915,130.6874503869999,32.91661102083396,,1298950
ROCKET,4,0.0200095996260643,0.9558823529411765,0.9444444444444444,0.1111111111111111,0.9277368758002561,0.9027777777777778,144.0,216.0,0.9444444444444444,0.9027777777777778,0.8888888888888888,0.6018518518518519,0.5154460990077429,0.6018518518518519,21.595718688000034,127.26846122300003,32.269477518519174,,1286488
MINIROCKET,0,0.0200095996260643,0.9558823529411765,0.9444444444444444,0.1111111111111111,0.927708257163248,0.9027777777777777,144.0,216.0,0.9444444444444444,0.9027777777777778,0.8888888888888888,0.6018518518518519,0.5159757942933151,0.6018518518518517,33.03455502499992,41.168674095999904,2.1268410092589978,,703638
MINIROCKET,1,0.0200095996260643,0.935251798561151,0.9652777777777778,0.1111111111111111,0.9186458350573475,0.9027777777777777,147.0,216.0,0.9652777777777778,0.9027777777777778,0.8888888888888888,0.6018518518518519,0.5105095437489804,0.6018518518518519,1.9826998130001812,9.334507063999808,1.8593912476858434,,699821
MINIROCKET,2,0.0200095996260643,0.9703703703703703,0.9375,0.16666666666666666,0.9382568302598053,0.9097222222222222,147.0,216.0,0.9375,0.9097222222222222,0.8333333333333334,0.6064814814814815,0.5145190748211703,0.6064814814814815,1.8179108620001898,9.31602476299986,1.8063098125009203,,697448
MINIROCKET,3,0.0200095996260643,0.9552238805970149,0.9305555555555556,0.1111111111111111,0.9195238095238095,0.8888888888888888,142.0,216.0,0.9305555555555556,0.8888888888888888,0.8888888888888888,0.5925925925925926,0.510953574412221,0.5925925925925926,1.6476305760002106,9.006183664999753,1.8727047662044545,,697315
MINIROCKET,4,0.0200095996260643,0.9496402877697842,0.9652777777777778,0.16666666666666666,0.9324332015911387,0.9166666666666667,151.0,216.0,0.9652777777777778,0.9166666666666666,0.8333333333333334,0.6111111111111112,0.5114633468670736,0.6111111111111112,1.6649313470002198,9.02491154299969,1.8441837199079432,,700301
MULTIROCKET,0,0.0200095996260643,0.9407407407407408,0.9375,0.09722222222222222,0.9095430699814973,0.8819444444444444,142.0,216.0,0.9375,0.8819444444444444,0.9027777777777778,0.5879629629629629,0.5078134941373358,0.5879629629629629,46.37645157199995,77.19562802499968,8.881061652778676,,3292352
MULTIROCKET,1,0.0200095996260643,0.9787234042553191,0.9791666666666666,0.1527777777777778,0.9685026827632461,0.9583333333333333,152.0,216.0,0.9791666666666666,0.9583333333333334,0.8472222222222222,0.6388888888888888,0.5331055570781598,0.6388888888888888,7.221563595000134,38.524290134999774,8.95318823379575,,3291932
MULTIROCKET,2,0.0200095996260643,0.9696969696969697,0.9166666666666666,0.19444444444444445,0.927173064769927,0.8888888888888888,146.0,216.0,0.9166666666666666,0.8888888888888888,0.8055555555555556,0.5925925925925926,0.5047321135812184,0.5925925925925926,8.067560396000317,39.19281434100003,8.747421745371016,,3285186
MULTIROCKET,3,0.0200095996260643,0.9626865671641791,0.9305555555555556,0.09722222222222222,0.9274042443064182,0.8958333333333333,141.0,216.0,0.9305555555555556,0.8958333333333334,0.9027777777777778,0.5972222222222222,0.5167694878221194,0.5972222222222222,7.668305429000156,38.06444653599965,8.900306997685659,,3267563
MULTIROCKET,4,0.0200095996260643,0.9562043795620438,0.9513888888888888,0.09722222222222222,0.9313558116375018,0.9097222222222223,144.0,216.0,0.9513888888888888,0.9097222222222222,0.9027777777777778,0.6064814814814815,0.5196937222377535,0.6064814814814815,8.28543700199998,39.13486233200001,8.86304021527714,,3280324
HYDRA,0,1.0073490142822277,0.0,0.0,0.0,0.0,0.0,0.0,216.0,0.0,0.0,1.0,0.0,0.0,0.0,3.8536781439997867,17.664668721999988,3.343447768519017,,295805
HYDRA,1,0.0200095996260643,0.9312977099236641,0.9097222222222222,0.16666666666666666,0.8863541337209433,0.8472222222222222,143.0,216.0,0.9097222222222222,0.8472222222222222,0.8333333333333334,0.5648148148148148,0.48546759176896165,0.5648148148148148,3.401696565000293,17.646412903000055,4.111618662036604,,295773
HYDRA,2,0.0200095996260643,0.8828125,0.8888888888888888,0.3194444444444444,0.8294098271719756,0.7847222222222222,151.0,216.0,0.8888888888888888,0.7847222222222222,0.6805555555555556,0.5231481481481481,0.4367520670337572,0.5231481481481481,3.3890624599998773,16.84824481500027,3.5613349861118118,,295778
HYDRA,3,1.0073490142822277,0.0,0.0,0.0,0.0,0.0,0.0,216.0,0.0,0.0,1.0,0.0,0.0,0.0,3.8838061950000338,17.49896208700011,3.2796783124998306,,295800
HYDRA,4,0.0200095996260643,0.9015151515151515,0.9166666666666666,0.16666666666666666,0.8607026143790849,0.826388888888889,144.0,216.0,0.9166666666666666,0.8263888888888888,0.8333333333333334,0.5509259259259259,0.47125225290210626,0.5509259259259259,3.361141557999872,16.016845619999913,3.5229109606478706,,295796
MULTIROCKET_HYDRA,0,0.0200095996260643,0.9481481481481482,0.9375,0.1111111111111111,0.9170057565486615,0.888888888888889,143.0,216.0,0.9375,0.8888888888888888,0.8888888888888888,0.5925925925925926,0.5104781042851924,0.5925925925925926,14.004068481000104,54.5470312059997,12.048189187499634,,3585892
MULTIROCKET_HYDRA,1,0.0200095996260643,0.9716312056737588,0.9791666666666666,0.1527777777777778,0.9613654147104851,0.9513888888888888,152.0,216.0,0.9791666666666666,0.9513888888888888,0.8472222222222222,0.6342592592592593,0.5291916627533066,0.6342592592592592,11.315248570000222,55.44682229199998,13.839671340277889,,3585892
MULTIROCKET_HYDRA,2,0.0200095996260643,0.9769230769230769,0.9027777777777778,0.18055555555555555,0.925920278925394,0.8819444444444444,143.0,216.0,0.9027777777777778,0.8819444444444444,0.8194444444444444,0.5879629629629629,0.5056725491508101,0.5879629629629629,14.510090673999912,58.58595730700017,13.07017151620471,,3579562
MULTIROCKET_HYDRA,3,0.0200095996260643,0.9774436090225563,0.9236111111111112,0.125,0.9373409980430529,0.9027777777777779,142.0,216.0,0.9236111111111112,0.9027777777777778,0.875,0.6018518518518519,0.5187954987954988,0.6018518518518517,11.405993867000234,55.55404800600036,12.940211046295897,,3562363
MULTIROCKET_HYDRA,4,0.0200095996260643,0.9492753623188406,0.9583333333333334,0.1111111111111111,0.9281214128551578,0.9097222222222223,146.0,216.0,0.9583333333333334,0.9097222222222222,0.8888888888888888,0.6064814814814815,0.5159717462197235,0.6064814814814815,10.771243744999992,52.928581655000016,12.316832122685902,,3574524
ARSENAL,0,0.4218935444951058,0.9172932330827067,0.9236111111111112,0.1111111111111111,0.8794917827566786,0.8472222222222222,141.0,216.0,0.9236111111111112,0.8472222222222222,0.8888888888888888,0.5648148148148148,0.4883428687203928,0.5648148148148148,87.99352658700036,517.3674951009998,132.21951048611,,5181359
ARSENAL,1,0.0200095996260643,0.948905109489051,0.9513888888888888,0.09722222222222222,0.9246189698577941,0.9027777777777778,144.0,216.0,0.9513888888888888,0.9027777777777778,0.9027777777777778,0.6018518518518519,0.5156192190678347,0.6018518518518519,88.82760718300051,517.1886405880005,131.6259933379637,,5193510
ARSENAL,2,0.5,0.9318181818181818,0.9166666666666666,0.09722222222222222,0.8885578271592356,0.8541666666666666,139.0,216.0,0.9166666666666666,0.8541666666666666,0.9027777777777778,0.5694444444444444,0.4948736272330009,0.5694444444444444,88.18629366100049,523.5872975419998,134.69483335185302,,5202923
ARSENAL,3,0.65,0.9763779527559056,0.8819444444444444,0.06944444444444445,0.9142337202439504,0.8611111111111112,132.0,216.0,0.8819444444444444,0.8611111111111112,0.9305555555555556,0.5740740740740741,0.5129797335161672,0.5740740740740741,88.53223034999974,516.2786395889998,130.7038234097225,,5204571
ARSENAL,4,0.0200095996260643,0.9338235294117647,0.9444444444444444,0.125,0.9065475773379914,0.8819444444444444,145.0,216.0,0.9444444444444444,0.8819444444444444,0.875,0.5879629629629629,0.5020776888917389,0.5879629629629629,90.54625044799923,515.5366744749999,130.23383611805542,,5182622
FCN1D,0,0.0200095996260643,0.9312977099236641,0.9097222222222222,0.20833333333333334,0.8864689421664417,0.8472222222222222,146.0,216.0,0.9097222222222222,0.8472222222222222,0.7916666666666666,0.5648148148148148,0.48216572160234134,0.5648148148148148,9.308348948999992,12.076429533999544,0.030111803242663073,71814.0,296100
FCN1D,1,0.4,0.96,0.8680555555555556,0.041666666666666664,0.8910464704335265,0.8333333333333334,128.0,216.0,0.8680555555555556,0.8333333333333334,0.9583333333333334,0.5555555555555556,0.5036221114566185,0.5555555555555555,5.8503578119998565,7.057662670000354,0.011214615740216148,71814.0,296100
FCN1D,2,0.0200095996260643,0.9069767441860465,0.8958333333333334,0.09722222222222222,0.8567606306736741,0.8125000000000001,136.0,216.0,0.8958333333333334,0.8125,0.9027777777777778,0.5416666666666666,0.4774843679051535,0.5416666666666667,8.358059254999716,9.613640155000212,0.011368069444280857,71814.0,296100
FCN1D,3,0.4,0.9666666666666667,0.8333333333333334,0.06944444444444445,0.878232523816763,0.8055555555555556,125.0,216.0,0.8333333333333334,0.8055555555555556,0.9305555555555556,0.5370370370370371,0.4924991131579672,0.5370370370370371,7.510712524000155,8.817835128999832,0.011378988425029227,71814.0,296100
FCN1D,4,0.4,0.95,0.8333333333333334,0.16666666666666666,0.8617507619907938,0.7916666666666667,132.0,216.0,0.8333333333333334,0.7916666666666666,0.8333333333333334,0.5277777777777778,0.47215948302904825,0.5277777777777778,6.485833413999899,7.743473632000132,0.011263780091094642,71814.0,296100
RESNET1D,0,0.0200095996260643,0.944,0.8680555555555556,0.09722222222222222,0.8762383067059071,0.8194444444444444,132.0,216.0,0.8680555555555556,0.8194444444444444,0.9027777777777778,0.5462962962962963,0.4889399863371878,0.5462962962962964,6.103534449999643,7.639653720999377,0.016022356480452464,79942.0,338072
RESNET1D,1,0.0200095996260643,0.9689922480620154,0.8958333333333334,0.125,0.9142879306934653,0.8680555555555555,138.0,216.0,0.8958333333333334,0.8680555555555556,0.875,0.5787037037037037,0.5065188546814606,0.5787037037037036,9.59698430699973,10.887931174999721,0.01614491898222965,79942.0,338072
RESNET1D,2,0.35,0.928,0.8680555555555556,0.19444444444444445,0.8619803444896729,0.8055555555555557,139.0,216.0,0.8680555555555556,0.8055555555555556,0.8055555555555556,0.5370370370370371,0.4706157524067972,0.5370370370370371,5.08471798500068,6.447924459000205,0.020400946760269614,79942.0,338072
RESNET1D,3,0.0200095996260643,0.8888888888888888,0.875,0.125,0.8273797648400046,0.7777777777777778,135.0,216.0,0.875,0.7777777777777778,0.875,0.5185185185185185,0.4577193852986548,0.5185185185185185,4.749506342999666,6.501005969999824,0.017281219906332506,79942.0,338072
RESNET1D,4,0.0200095996260643,0.9349593495934959,0.8541666666666666,0.16666666666666666,0.8591341847513898,0.798611111111111,135.0,216.0,0.8541666666666666,0.7986111111111112,0.8333333333333334,0.5324074074074074,0.4728730255523165,0.5324074074074074,6.916595278999921,8.145544126000459,0.01736946527612586,79942.0,338072
INCEPTIONTIME_LITE,0,0.4,0.9338235294117647,0.9444444444444444,0.08333333333333333,0.9076173222912353,0.8819444444444444,142.0,216.0,0.9444444444444444,0.8819444444444444,0.9166666666666666,0.5879629629629629,0.508326976862446,0.5879629629629629,9.561022606999359,10.875640600000224,0.020355719908804058,177460.0,726636
INCEPTIONTIME_LITE,1,0.0200095996260643,0.9420289855072463,0.9583333333333334,0.05555555555555555,0.9213730092976157,0.9027777777777778,142.0,216.0,0.9583333333333334,0.9027777777777778,0.9444444444444444,0.6018518518518519,0.5191609977324263,0.6018518518518519,9.136992481000561,10.46155189000001,0.019401421295865643,177460.0,726636
INCEPTIONTIME_LITE,2,0.0200095996260643,0.9571428571428572,0.9722222222222222,0.1111111111111111,0.944047619047619,0.9305555555555555,148.0,216.0,0.9722222222222222,0.9305555555555556,0.8888888888888888,0.6203703703703703,0.5247513680980378,0.6203703703703703,8.451407354999901,9.70916112499981,0.02094864351807633,177460.0,726636
INCEPTIONTIME_LITE,3,0.0200095996260643,0.9328358208955224,0.9305555555555556,0.08333333333333333,0.8976558212913847,0.8680555555555556,140.0,216.0,0.9305555555555556,0.8680555555555556,0.9166666666666666,0.5787037037037037,0.5018442182677595,0.5787037037037037,7.656176663000224,8.973231635000047,0.019652465276201972,177460.0,726636
INCEPTIONTIME_LITE,4,0.0200095996260643,0.9191176470588235,0.9444444444444444,0.1527777777777778,0.893331608005521,0.8680555555555556,147.0,216.0,0.9444444444444444,0.8680555555555556,0.8472222222222222,0.5787037037037037,0.49118771833057545,0.5787037037037037,6.129366459000266,7.622060642999713,0.029437694445698947,177460.0,726636
LITE1D,0,0.0200095996260643,0.9262295081967213,0.8472222222222222,0.1388888888888889,0.8484893037283936,0.7847222222222223,132.0,216.0,0.8472222222222222,0.7847222222222222,0.8611111111111112,0.5231481481481481,0.46838595854570547,0.5231481481481481,13.647181172000273,15.541639125999609,0.013702546297096248,7882.0,41734
LITE1D,1,0.5230700075626376,0.9537037037037037,0.75,0.013888888888888888,0.815630646215354,0.7152777777777778,109.0,216.0,0.75,0.7152777777777778,0.9861111111111112,0.47685185185185186,0.4644183402804093,0.4768518518518518,10.303097134000382,11.518773368000438,0.012253321758466714,7882.0,41734
LITE1D,2,0.4,0.9067796610169492,0.8194444444444444,0.19444444444444445,0.8147648670964256,0.7430555555555556,132.0,216.0,0.8194444444444444,0.7430555555555556,0.8055555555555556,0.49537037037037035,0.4444330686566712,0.4953703703703704,9.994017194000662,11.265201507999336,0.012712317131731484,7882.0,41734
LITE1D,3,0.35,0.9316239316239316,0.8125,0.125,0.8348797413335457,0.7569444444444444,126.0,216.0,0.8125,0.7569444444444444,0.875,0.5046296296296297,0.4611340329890436,0.5046296296296297,10.012505807999332,11.39079406899964,0.018185185185588867,7882.0,41734
LITE1D,4,0.2733329385519027,0.9596774193548387,0.8611111111111112,0.125,0.8845590048521146,0.826388888888889,133.0,216.0,0.8611111111111112,0.8263888888888888,0.875,0.5509259259259259,0.4897717383024966,0.5509259259259259,13.632982295000147,14.86521335100042,0.013496877316912206,7882.0,41734
TCN,0,0.35,0.9180327868852459,0.8472222222222222,0.19444444444444445,0.8413586413586415,0.7777777777777778,136.0,216.0,0.8472222222222222,0.7777777777777778,0.8055555555555556,0.5185185185185185,0.4580077783594447,0.5185185185185185,7.155913554000108,8.493436714999916,0.015366548611668637,75974.0,320881
TCN,1,0.35,0.9512195121951219,0.8541666666666666,0.09722222222222222,0.8759208669331966,0.8125,130.0,216.0,0.8541666666666666,0.8125,0.9027777777777778,0.5416666666666666,0.4876920465155759,0.5416666666666666,7.58690915599982,9.04983104600069,0.019524787035152258,75974.0,320881
TCN,2,0.5,0.9345794392523364,0.7430555555555556,0.16666666666666666,0.7946329469320788,0.6944444444444444,119.0,216.0,0.7430555555555556,0.6944444444444444,0.8333333333333334,0.46296296296296297,0.43432693700092073,0.46296296296296297,6.270815194000534,7.719532752999839,0.01516474999881986,75974.0,320881
TCN,3,0.0200095996260643,0.9596774193548387,0.8611111111111112,0.1111111111111111,0.8859176778551371,0.8263888888888888,132.0,216.0,0.8611111111111112,0.8263888888888888,0.8888888888888888,0.5509259259259259,0.491603490711353,0.5509259259259259,6.005324001999725,7.4490159659999335,0.015407148149885566,75974.0,320881
TCN,4,0.0200095996260643,0.96,0.8680555555555556,0.125,0.890743246794198,0.8333333333333334,134.0,216.0,0.8680555555555556,0.8333333333333334,0.875,0.5555555555555556,0.4933709888887417,0.5555555555555556,7.283100190999903,8.563441538000006,0.015780381945491914,75974.0,320881
BIGRU,0,0.2,0.0,0.0,0.013888888888888888,0.0,0.0,1.0,216.0,0.0,0.0,0.9861111111111112,0.0,0.0,0.0,1.2826406089998272,2.67932821300019,0.027498543981134087,29958.0,122575
BIGRU,1,0.2,0.0,0.0,0.013888888888888888,0.0,0.0,1.0,216.0,0.0,0.0,0.9861111111111112,0.0,0.0,0.0,1.1765198450002572,2.5371550069994555,0.016462407407507946,29958.0,122575
BIGRU,2,0.2,0.2,0.034722222222222224,0.08333333333333333,0.012195121951219513,0.006944444444444444,11.0,216.0,0.034722222222222224,0.006944444444444444,0.9166666666666666,0.004629629629629629,0.0060790273556231,0.004629629629629629,1.84784326099998,3.131129131000307,0.016383965278995067,29958.0,122575
BIGRU,3,0.25,0.5,0.013888888888888888,0.013888888888888888,0.013157894736842105,0.006944444444444444,3.0,216.0,0.013888888888888888,0.006944444444444444,0.9861111111111112,0.004629629629629629,0.007326007326007326,0.004629629629629629,1.0401933279999866,2.270190268999613,0.011465293981574278,29958.0,122575
BIGRU,4,0.2,0.5,0.013888888888888888,0.027777777777777776,0.013157894736842105,0.006944444444444444,4.0,216.0,0.013888888888888888,0.006944444444444444,0.9722222222222222,0.004629629629629629,0.0071428571428571435,0.004629629629629629,1.3822154509998654,2.6091308790000767,0.015710215279796103,29958.0,122575
BILSTM,0,0.2,0.2,0.034722222222222224,0.05555555555555555,0.012195121951219513,0.006944444444444444,9.0,216.0,0.034722222222222224,0.006944444444444444,0.9444444444444444,0.004629629629629629,0.006349206349206349,0.004629629629629629,1.2333158620003815,2.482654426999943,0.011744858797842258,39686.0,161487
BILSTM,1,0.2,0.0,0.0,0.0,0.0,0.0,0.0,216.0,0.0,0.0,1.0,0.0,0.0,0.0,1.7663930830003665,3.1706140409996806,0.012145148149203224,39686.0,161487
BILSTM,2,0.5,0.8636363636363636,0.3055555555555556,0.027777777777777776,0.3067226890756303,0.2638888888888889,46.0,216.0,0.3055555555555556,0.2638888888888889,0.9722222222222222,0.17592592592592593,0.17142857142857143,0.17592592592592593,7.602133634999518,8.878298874999928,0.011744300926002997,39686.0,161487
BILSTM,3,0.25,0.0,0.0,0.0,0.0,0.0,0.0,216.0,0.0,0.0,1.0,0.0,0.0,0.0,1.252040751000095,2.549250944999585,0.011862645835578776,39686.0,161487
BILSTM,4,0.5,0.8064516129032258,0.6458333333333334,0.08333333333333333,0.5672201336675021,0.5208333333333333,99.0,216.0,0.6458333333333334,0.5208333333333334,0.9166666666666666,0.3472222222222222,0.3154539353849103,0.34722222222222215,7.8729828689993155,9.264766189000511,0.01204910185176939,39686.0,161487
TINY_TRANSFORMER,0,0.5,0.9629629629629629,0.9375,0.1388888888888889,0.9319525636341494,0.9027777777777778,145.0,216.0,0.9375,0.9027777777777778,0.8611111111111112,0.6018518518518519,0.5154055817183667,0.6018518518518517,6.359784379999837,7.679638225999952,0.016873900461986422,73286.0,302652
TINY_TRANSFORMER,1,0.45,0.9402985074626866,0.9305555555555556,0.08333333333333333,0.9054679427918865,0.8749999999999999,140.0,216.0,0.9305555555555556,0.875,0.9166666666666666,0.5833333333333334,0.5073915463850008,0.5833333333333334,4.5076034599997,5.736646060000567,0.017069953702065068,73286.0,302652
TINY_TRANSFORMER,2,0.5943799614906312,0.9389312977099237,0.9097222222222222,0.1111111111111111,0.8923867920455854,0.8541666666666667,139.0,216.0,0.9097222222222222,0.8541666666666666,0.8888888888888888,0.5694444444444444,0.4955061243785689,0.5694444444444445,3.999551992999841,5.636367920999874,0.027641254630621174,73286.0,302652
TINY_TRANSFORMER,3,0.5,0.9285714285714286,0.875,0.08333333333333333,0.8632869799917855,0.8124999999999999,132.0,216.0,0.875,0.8125,0.9166666666666666,0.5416666666666666,0.48241662862328033,0.5416666666666666,5.57457804600017,6.940810889999739,0.020386692131911265,73286.0,302652
TINY_TRANSFORMER,4,0.0200095996260643,0.937984496124031,0.8958333333333334,0.041666666666666664,0.884344562183635,0.8402777777777778,132.0,216.0,0.8958333333333334,0.8402777777777778,0.9583333333333334,0.5601851851851852,0.49966783124035147,0.5601851851851851,6.134660944999268,7.420096789000127,0.021720699073234248,73286.0,302652
