activity,sequence_label_id,sequence_label,repetition_count,primary_best_rx_power_excursion_db,deep_fade_occupancy_3db,maximum_contiguous_deep_fade_fraction,rx_beam_entropy_excursion,temporal_coherence_excursion,frequency_selectivity_excursion_db,mean_rx_beam_switch_rate,power_volatility_q95_db
1,1,BLOCKAGE_EVENT_PRESENT,5,7.5806419078355525,0.075,0.075,0.4033279035695643,0.1414943875554483,0.06410962555492,0.0010416666666666667,0.908870535211279
2,1,BLOCKAGE_EVENT_PRESENT,5,0.8308258771669834,0.0375,0.0375,0.04042971267208603,0.015531258470587672,0.05736146544644838,0.0026041666666666665,0.7167636525893646
3,0,NO_LINK_BLOCKAGE,5,0.06105107457458203,0.0,0.0,0.021112237574869075,0.007686419747362838,0.05216295880742017,0.0,0.08800937369755836
4,0,NO_LINK_BLOCKAGE,5,0.04965218681848782,0.0,0.0,0.01718268502319259,0.007509017163640719,0.0496133978731792,0.0,0.06975529755563015
5,1,BLOCKAGE_EVENT_PRESENT,5,2.6392482748096775,0.05,0.05,0.12660387975590123,0.03996656738930626,0.06659406814338659,0.0,0.5123141236396346
6,1,BLOCKAGE_EVENT_PRESENT,5,0.6077713113210663,0.0375,0.0375,0.06062366370196798,0.013620523079515778,0.05677149199257148,0.0,0.5098090068915678
7,1,BLOCKAGE_EVENT_PRESENT,5,1.55359435724543,0.025,0.0125,0.04471433018358789,0.01940781213660825,0.05716325393313504,0.0,0.254539125836429
8,1,BLOCKAGE_EVENT_PRESENT,5,8.577595751810563,0.5375,0.5375,0.42974072121017637,0.20788290315166935,0.2367105945481634,0.0,0.46313699702582056
9,1,BLOCKAGE_EVENT_PRESENT,5,2.2280828281195255,0.05,0.05,0.07974165971863861,0.02618860696204428,0.06869559913948953,0.0,0.693067251945467
10,1,BLOCKAGE_EVENT_PRESENT,5,0.21957554011991576,0.025,0.025,0.02604643856614336,0.010522028872032907,0.06199623711157348,0.0,0.34702286889246203
11,0,NO_LINK_BLOCKAGE,5,5.296587044675075,0.0875,0.0875,0.18655759621414708,0.0943796179793438,0.09133810412800858,0.0,0.4767746606272433
12,0,NO_LINK_BLOCKAGE,5,1.583115313129131,0.0125,0.0125,0.05108652228765037,0.019800021884342378,0.06805026925066099,0.0,0.3447338778551714
13,1,BLOCKAGE_EVENT_PRESENT,5,2.551071684518078,0.05,0.05,0.12777177467067166,0.04416466388280227,0.07989417448671016,0.0,0.5707982325191759
14,1,BLOCKAGE_EVENT_PRESENT,5,0.6990987450185955,0.025,0.025,0.026372891045100627,0.011937728224454935,0.05874757355646437,0.0,0.4256067515212801
15,1,BLOCKAGE_EVENT_PRESENT,5,6.261720208658399,0.125,0.125,0.24061671419928155,0.12618207270902881,0.09561640987181919,0.0,0.3188239727161243
16,1,BLOCKAGE_EVENT_PRESENT,5,7.65352062086426,0.4625,0.3625,0.35739568675526523,0.1833637427250654,0.19271147577642717,0.0,0.5546641745648133
17,1,BLOCKAGE_EVENT_PRESENT,5,4.870534145506511,0.0875,0.0875,0.20261351030214217,0.08072807236940671,0.07281279692192011,0.0,0.42329705528515044
18,1,BLOCKAGE_EVENT_PRESENT,5,1.1718644070265967,0.0375,0.0375,0.04202761816853123,0.016019702303755934,0.04766547500002705,0.0,0.4447718578887217
19,0,NO_LINK_BLOCKAGE,5,6.401453433289145,0.125,0.125,0.27135384846729504,0.13370949360009232,0.08771843351080821,0.0,0.8555235371540809
20,0,NO_LINK_BLOCKAGE,5,2.60227850403464,0.05,0.05,0.10070517615471622,0.04137120404692507,0.07783425531937949,0.0,0.5362563675688213
21,1,BLOCKAGE_EVENT_PRESENT,5,2.414541615916388,0.05,0.05,0.09374285804034727,0.03189408304884356,0.058562178040961144,0.0,0.5379393416552436
22,1,BLOCKAGE_EVENT_PRESENT,5,0.5985024548256952,0.025,0.025,0.04245240575667475,0.011403487185235206,0.04943977746592171,0.0,0.6239441043424974
23,0,NO_LINK_BLOCKAGE,5,5.345794216818462,0.1,0.0875,0.2268728573904182,0.09155133388816505,0.0778423129122583,0.0,0.5260517579612497
24,0,NO_LINK_BLOCKAGE,5,2.494838294378418,0.05,0.05,0.08788086516407226,0.03232284678207853,0.05368404901662732,0.0,0.26654965464664737
25,1,BLOCKAGE_EVENT_PRESENT,5,4.687168229295445,0.075,0.075,0.1807652834821307,0.07518145692269407,0.07957246611096513,0.0,0.4773821445243082
26,1,BLOCKAGE_EVENT_PRESENT,5,1.6720176208465993,0.05,0.05,0.0550147882249305,0.023604360245401246,0.05627761626058775,0.0,0.600016296265152
27,0,NO_LINK_BLOCKAGE,5,8.146121339478732,0.125,0.125,0.39047261994629345,0.18785833191147505,0.1333845958149537,0.0010416666666666667,0.5397541167183486
28,0,NO_LINK_BLOCKAGE,5,1.6342405097048704,0.0,0.0,0.0663895045181587,0.021146819477887213,0.05795048028771399,0.0,0.30768395307756596
29,1,BLOCKAGE_EVENT_PRESENT,5,4.757873470406672,0.075,0.075,0.16877921169654914,0.08587552049547098,0.0938592549183011,0.0,0.49332195486318536
30,1,BLOCKAGE_EVENT_PRESENT,5,1.0177440488366543,0.0375,0.0375,0.05057807848011678,0.0157505658724042,0.04727990052029912,0.0,0.644649932741498
31,0,NO_LINK_BLOCKAGE,5,4.84596055228716,0.1125,0.1125,0.17957979965392498,0.08830672316339461,0.08576030862674033,0.0,0.3607664095618889
32,0,NO_LINK_BLOCKAGE,5,1.4945515662593678,0.025,0.025,0.06473670724496272,0.024656897310067705,0.08771672683439319,0.0,0.33842577652547456
