sequence_index,sequence_uid,filename,sequence_id,activity,repetition,sequence_label,sequence_label_id,primary_best_rx_power_excursion_db,deep_fade_occupancy_3db,maximum_contiguous_deep_fade_fraction,rx_beam_entropy_excursion,temporal_coherence_excursion,frequency_selectivity_excursion_db,mean_rx_beam_switch_rate,power_volatility_q95_db
0,KU26G_a09e1cb956cfcfb08773,comm_sym2000_int10_10s_scen1_activity01_rep1.bin,KU_S1_A01_R1,1,1,BLOCKAGE_EVENT_PRESENT,1,4.775861973256909,0.0625,0.0625,0.2118633171784026,0.09261647733047329,0.048655443528924924,0.0010416666666666667,0.8762179993488259
1,KU26G_d241cd98c8abd2bdab27,comm_sym2000_int10_10s_scen1_activity01_rep2.bin,KU_S1_A01_R2,1,2,BLOCKAGE_EVENT_PRESENT,1,2.811489833478344,0.05,0.05,0.13172467030426735,0.03592023533858646,0.06410962555492,0.0,0.6858689629459949
2,KU26G_ce91ed07b9fa4c84f8da,comm_sym2000_int10_10s_scen1_activity01_rep3.bin,KU_S1_A01_R3,1,3,BLOCKAGE_EVENT_PRESENT,1,7.5806419078355525,0.075,0.075,0.4033279035695643,0.1414943875554483,0.0570926858694783,0.0010416666666666667,0.908870535211279
3,KU26G_08f7f95a5a63e32800ea,comm_sym2000_int10_10s_scen1_activity01_rep4.bin,KU_S1_A01_R4,1,4,BLOCKAGE_EVENT_PRESENT,1,9.021614565773437,0.1125,0.1125,0.4382198706131436,0.19712779178821827,0.10470308582261928,0.0010416666666666667,0.962843085686455
4,KU26G_880a98cb2d288eeff014,comm_sym2000_int10_10s_scen1_activity01_rep5.bin,KU_S1_A01_R5,1,5,BLOCKAGE_EVENT_PRESENT,1,8.45274730450626,0.1,0.1,0.45531127686152295,0.17219160164804748,0.06584418164288636,0.0,1.2117531194753657
5,KU26G_13f1a84e5a916de3c463,comm_sym2000_int10_10s_scen1_activity02_rep1.bin,KU_S1_A02_R1,2,1,BLOCKAGE_EVENT_PRESENT,1,0.2529018152383955,0.0375,0.0375,0.024979497412276813,0.010292050366644712,0.04837438561809415,0.0010416666666666667,0.27270703242682676
6,KU26G_00997d6c80fa99113283,comm_sym2000_int10_10s_scen1_activity02_rep2.bin,KU_S1_A02_R2,2,2,BLOCKAGE_EVENT_PRESENT,1,1.1047097050891992,0.05,0.05,0.06820373201136434,0.025548957369897374,0.05343008626190049,0.0020833333333333333,0.7167636525893646
7,KU26G_0f2dca5471f29f2a40a8,comm_sym2000_int10_10s_scen1_activity02_rep3.bin,KU_S1_A02_R3,2,3,BLOCKAGE_EVENT_PRESENT,1,0.8308258771669834,0.0375,0.0375,0.03731025601863239,0.01307259043693676,0.06142458416243762,0.004166666666666667,0.563322632781546
8,KU26G_fdcc30c23181112869fb,comm_sym2000_int10_10s_scen1_activity02_rep4.bin,KU_S1_A02_R4,2,4,BLOCKAGE_EVENT_PRESENT,1,0.6093959108092335,0.05,0.05,0.04042971267208603,0.015531258470587672,0.05736146544644838,0.0036458333333333334,0.8494106625663471
9,KU26G_5b8de14a6a6a451bd31b,comm_sym2000_int10_10s_scen1_activity02_rep5.bin,KU_S1_A02_R5,2,5,BLOCKAGE_EVENT_PRESENT,1,1.2326446343874196,0.0375,0.0375,0.07468602361603327,0.025131895682575345,0.06064085290831933,0.0026041666666666665,1.2401441757693101
10,KU26G_708b0cb65483e5687e42,comm_sym2000_int10_10s_scen1_activity03_rep1.bin,KU_S1_A03_R1,3,1,NO_LINK_BLOCKAGE,0,0.3341274946611037,0.0,0.0,0.024409758459594616,0.011404527485790128,0.05216295880742017,0.0,0.20389052579958672
11,KU26G_829120bd2291e606b62d,comm_sym2000_int10_10s_scen1_activity03_rep2.bin,KU_S1_A03_R2,3,2,NO_LINK_BLOCKAGE,0,0.45535524430000507,0.0,0.0,0.022567748553525474,0.007837173821203303,0.04553957253741203,0.0,0.10485637183696767
12,KU26G_121e660f711476670143,comm_sym2000_int10_10s_scen1_activity03_rep3.bin,KU_S1_A03_R3,3,3,NO_LINK_BLOCKAGE,0,0.060055909403484264,0.0,0.0,0.021112237574869075,0.0073501220354526,0.04767593452094243,0.0,0.0751038646982674
13,KU26G_c88b92d684bd946b4775,comm_sym2000_int10_10s_scen1_activity03_rep4.bin,KU_S1_A03_R4,3,4,NO_LINK_BLOCKAGE,0,0.04524332733342007,0.0,0.0,0.019974396525778426,0.00685243877019448,0.05354605397313589,0.0,0.07826480711362276
14,KU26G_a562316916a47929c0de,comm_sym2000_int10_10s_scen1_activity03_rep5.bin,KU_S1_A03_R5,3,5,NO_LINK_BLOCKAGE,0,0.06105107457458203,0.0,0.0,0.01929577499715801,0.007686419747362838,0.055349076866622327,0.0,0.08800937369755836
15,KU26G_473393ee1fd65abd6467,comm_sym2000_int10_10s_scen1_activity04_rep1.bin,KU_S1_A04_R1,4,1,NO_LINK_BLOCKAGE,0,0.06131466979677924,0.0,0.0,0.019170630051611404,0.007848093422817448,0.04743328331786001,0.0,0.08621718040487983
16,KU26G_81f27a788c53b46104b3,comm_sym2000_int10_10s_scen1_activity04_rep2.bin,KU_S1_A04_R2,4,2,NO_LINK_BLOCKAGE,0,0.04086442969646953,0.0,0.0,0.0229240905566179,0.007509017163640719,0.0496133978731792,0.0,0.06232521860141248
17,KU26G_929326563c8d48d7d78e,comm_sym2000_int10_10s_scen1_activity04_rep3.bin,KU_S1_A04_R3,4,3,NO_LINK_BLOCKAGE,0,0.04965218681848782,0.0,0.0,0.01718268502319259,0.00843223912200719,0.05368989610281272,0.0,0.06390592430276862
18,KU26G_52e65d8cdf4a91772957,comm_sym2000_int10_10s_scen1_activity04_rep4.bin,KU_S1_A04_R4,4,4,NO_LINK_BLOCKAGE,0,0.07823052703963995,0.0,0.0,0.014183176226477717,0.006736663946274146,0.046091025996270074,0.0,0.07315548791103633
19,KU26G_6341214e78eeb4595533,comm_sym2000_int10_10s_scen1_activity04_rep5.bin,KU_S1_A04_R5,4,5,NO_LINK_BLOCKAGE,0,0.03915020000748015,0.0,0.0,0.01608419477518752,0.007291848131261824,0.0543960334401698,0.0,0.06975529755563015
20,KU26G_bfb256b2e3a24b534e4f,comm_sym2000_int10_10s_scen1_activity05_rep1.bin,KU_S1_A05_R1,5,1,BLOCKAGE_EVENT_PRESENT,1,2.271054667999085,0.05,0.05,0.11490094677710211,0.039680352662954776,0.06659406814338659,0.0,0.4521222401034074
21,KU26G_e999381808396f4f5226,comm_sym2000_int10_10s_scen1_activity05_rep2.bin,KU_S1_A05_R2,5,2,BLOCKAGE_EVENT_PRESENT,1,4.063995288541591,0.0625,0.0625,0.17222954544079722,0.07113892638601138,0.07106136786206185,0.0,0.6152197876632155
22,KU26G_fe0843d4016e48e8365a,comm_sym2000_int10_10s_scen1_activity05_rep3.bin,KU_S1_A05_R3,5,3,BLOCKAGE_EVENT_PRESENT,1,1.7131309302576554,0.0375,0.0375,0.10025187674748587,0.030091610901514576,0.09998730724427024,0.0,0.7286732267877744
23,KU26G_cca232df85b044ac4238,comm_sym2000_int10_10s_scen1_activity05_rep4.bin,KU_S1_A05_R4,5,4,BLOCKAGE_EVENT_PRESENT,1,2.6392482748096775,0.05,0.05,0.16529834196561838,0.03996656738930626,0.05853797139643058,0.0,0.5123141236396346
24,KU26G_8a2f2a4d888551536962,comm_sym2000_int10_10s_scen1_activity05_rep5.bin,KU_S1_A05_R5,5,5,BLOCKAGE_EVENT_PRESENT,1,3.149598011465006,0.0625,0.05,0.12660387975590123,0.041855392084583776,0.04581374949098854,0.0,0.3813181859454976
25,KU26G_d78748ed4d785b79dd2a,comm_sym2000_int10_10s_scen1_activity06_rep1.bin,KU_S1_A06_R1,6,1,BLOCKAGE_EVENT_PRESENT,1,1.7729434624828428,0.0375,0.0375,0.06062366370196798,0.02459203814807054,0.06221908635980189,0.0,0.3824882207008448
26,KU26G_0dbb1c63ae207e73d358,comm_sym2000_int10_10s_scen1_activity06_rep2.bin,KU_S1_A06_R2,6,2,BLOCKAGE_EVENT_PRESENT,1,0.6077713113210663,0.025,0.025,0.05137922711875015,0.012180611230181326,0.059348799914540895,0.0,0.2708577182722722
27,KU26G_5461d2e9d6c63c9d528d,comm_sym2000_int10_10s_scen1_activity06_rep3.bin,KU_S1_A06_R3,6,3,BLOCKAGE_EVENT_PRESENT,1,1.8025951262196394,0.0375,0.0375,0.07711478816995515,0.029417941916382362,0.049261530419264066,0.0010416666666666667,1.3268508210176189
28,KU26G_ef21ad4ab0d56cdeaf32,comm_sym2000_int10_10s_scen1_activity06_rep4.bin,KU_S1_A06_R4,6,4,BLOCKAGE_EVENT_PRESENT,1,0.14084892325287868,0.0375,0.0375,0.06247561711206007,0.012672088744316468,0.054126571080722885,0.0,0.5453486393333756
29,KU26G_b87d90b8ba10b0420aae,comm_sym2000_int10_10s_scen1_activity06_rep5.bin,KU_S1_A06_R5,6,5,BLOCKAGE_EVENT_PRESENT,1,0.2847262315997092,0.0375,0.0375,0.034946634545206134,0.013620523079515778,0.05677149199257148,0.0,0.5098090068915678
30,KU26G_c182bd9cbe22aaf3a694,comm_sym2000_int10_10s_scen1_activity07_rep1.bin,KU_S1_A07_R1,7,1,BLOCKAGE_EVENT_PRESENT,1,1.55359435724543,0.0375,0.025,0.04471433018358789,0.01940781213660825,0.06808316205560822,0.0,0.3204759132592152
31,KU26G_95419eb7e0eb73c834e8,comm_sym2000_int10_10s_scen1_activity07_rep2.bin,KU_S1_A07_R2,7,2,BLOCKAGE_EVENT_PRESENT,1,0.06688528293970464,0.0,0.0,0.018392871999243887,0.007989217374694269,0.05716325393313504,0.0,0.07164517161426334
32,KU26G_07faaa0a14d83ad3af00,comm_sym2000_int10_10s_scen1_activity07_rep3.bin,KU_S1_A07_R3,7,3,BLOCKAGE_EVENT_PRESENT,1,2.575847454711912,0.025,0.0125,0.11536666953724733,0.03707951537452381,0.04919766964382849,0.0,0.254539125836429
33,KU26G_530869920cebe415066c,comm_sym2000_int10_10s_scen1_activity07_rep4.bin,KU_S1_A07_R4,7,4,BLOCKAGE_EVENT_PRESENT,1,0.05198851304646723,0.0,0.0,0.022508531053290287,0.00945125450040607,0.05588660558926867,0.0,0.07037611976721263
34,KU26G_29dcab55aa2fcbbc0119,comm_sym2000_int10_10s_scen1_activity07_rep5.bin,KU_S1_A07_R5,7,5,BLOCKAGE_EVENT_PRESENT,1,8.09742759737573,0.1,0.1,0.41333770275159515,0.19257737747078119,0.17599787482241847,0.0,0.38162034360283587
35,KU26G_c3f1265cb32c441b0843,comm_sym2000_int10_10s_scen1_activity08_rep1.bin,KU_S1_A08_R1,8,1,BLOCKAGE_EVENT_PRESENT,1,8.577595751810563,0.5625,0.5625,0.42974072121017637,0.21588913500693352,0.2367105945481634,0.0,0.46313699702582056
36,KU26G_c7033ef05a6d520efaef,comm_sym2000_int10_10s_scen1_activity08_rep2.bin,KU_S1_A08_R2,8,2,BLOCKAGE_EVENT_PRESENT,1,7.573890698678898,0.5375,0.5375,0.35456275602720433,0.16589114398636928,0.2501508455121928,0.0,0.4453186273076328
37,KU26G_b01d38c4994c9e704ab1,comm_sym2000_int10_10s_scen1_activity08_rep3.bin,KU_S1_A08_R3,8,3,BLOCKAGE_EVENT_PRESENT,1,6.351102358129307,0.5,0.5,0.3041773605011518,0.13150811467286194,0.18635330257224725,0.0,0.3855835772117738
38,KU26G_da0e4e06595c67232f87,comm_sym2000_int10_10s_scen1_activity08_rep4.bin,KU_S1_A08_R4,8,4,BLOCKAGE_EVENT_PRESENT,1,8.65963357758973,0.5375,0.5375,0.4526604161939387,0.20788290315166935,0.2119918504685207,0.0,0.5282659724802494
39,KU26G_a14ed94402c112a90633,comm_sym2000_int10_10s_scen1_activity08_rep5.bin,KU_S1_A08_R5,8,5,BLOCKAGE_EVENT_PRESENT,1,9.651017419818054,0.525,0.525,0.4813306284323617,0.2482203319300107,0.25246392032555987,0.0,0.5357048169340349
40,KU26G_26c978c3c145ee664ac8,comm_sym2000_int10_10s_scen1_activity09_rep1.bin,KU_S1_A09_R1,9,1,BLOCKAGE_EVENT_PRESENT,1,2.318362605517301,0.05,0.05,0.0808152311874252,0.028700011955752225,0.05721449758398961,0.0,0.7956094151274534
41,KU26G_1041709bcf427623230b,comm_sym2000_int10_10s_scen1_activity09_rep2.bin,KU_S1_A09_R2,9,2,BLOCKAGE_EVENT_PRESENT,1,3.2485035500625656,0.0625,0.0625,0.10670617942188187,0.048539463492736745,0.07639211820540343,0.0,0.6083896841247611
42,KU26G_2fec98616d4f96eb4835,comm_sym2000_int10_10s_scen1_activity09_rep3.bin,KU_S1_A09_R3,9,3,BLOCKAGE_EVENT_PRESENT,1,2.0477418917412358,0.05,0.05,0.05442010749910789,0.025230481153068696,0.07462849013981182,0.0,0.6657808819214771
43,KU26G_f4a7512f7e5029807920,comm_sym2000_int10_10s_scen1_activity09_rep4.bin,KU_S1_A09_R4,9,4,BLOCKAGE_EVENT_PRESENT,1,1.4969333162678744,0.0375,0.0375,0.07974165971863861,0.02378596866991578,0.06869559913948953,0.0,0.8423507383515959
44,KU26G_5e4a79ce6c7e15d43706,comm_sym2000_int10_10s_scen1_activity09_rep5.bin,KU_S1_A09_R5,9,5,BLOCKAGE_EVENT_PRESENT,1,2.2280828281195255,0.0375,0.0375,0.07131772876024417,0.02618860696204428,0.05567928288811658,0.0,0.693067251945467
45,KU26G_cebcb18b9ff3e0d99f92,comm_sym2000_int10_10s_scen1_activity10_rep1.bin,KU_S1_A10_R1,10,1,BLOCKAGE_EVENT_PRESENT,1,0.07691788013721279,0.025,0.025,0.021381905930464212,0.010441841878593539,0.059790170186455216,0.0,0.4476866762229482
46,KU26G_88b4e61ceedfbdb807e8,comm_sym2000_int10_10s_scen1_activity10_rep2.bin,KU_S1_A10_R2,10,2,BLOCKAGE_EVENT_PRESENT,1,0.3421985900243705,0.025,0.025,0.02604643856614336,0.01049697050293985,0.06553607545351225,0.0,0.3145523446922555
47,KU26G_4bbd0c5d2f0450ecf6a8,comm_sym2000_int10_10s_scen1_activity10_rep3.bin,KU_S1_A10_R3,10,3,BLOCKAGE_EVENT_PRESENT,1,0.16502150438617136,0.025,0.025,0.02887473538296617,0.014026991658867671,0.06314888561060955,0.0,0.4543914430763398
48,KU26G_6ce6dddebe2c3b3802da,comm_sym2000_int10_10s_scen1_activity10_rep4.bin,KU_S1_A10_R4,10,4,BLOCKAGE_EVENT_PRESENT,1,0.3440570011517785,0.025,0.025,0.02278719882124633,0.010694623306145234,0.06199623711157348,0.0,0.34702286889246203
49,KU26G_53c23587734a104c6119,comm_sym2000_int10_10s_scen1_activity10_rep5.bin,KU_S1_A10_R5,10,5,BLOCKAGE_EVENT_PRESENT,1,0.21957554011991576,0.025,0.025,0.033735187292498386,0.010522028872032907,0.05033555531097561,0.0,0.2962360297655996
50,KU26G_483251b33e08fbc96175,comm_sym2000_int10_10s_scen1_activity11_rep1.bin,KU_S1_A11_R1,11,1,NO_LINK_BLOCKAGE,0,5.296587044675075,0.0875,0.0875,0.18655759621414708,0.0943796179793438,0.09133810412800858,0.0,0.4767746606272433
51,KU26G_46e3fcf267f125068305,comm_sym2000_int10_10s_scen1_activity11_rep2.bin,KU_S1_A11_R2,11,2,NO_LINK_BLOCKAGE,0,6.427922790760643,0.125,0.125,0.31967988862293495,0.12135428109631907,0.09243257568188651,0.0,0.498686273497116
52,KU26G_d1c434c459623a8e58e1,comm_sym2000_int10_10s_scen1_activity11_rep3.bin,KU_S1_A11_R3,11,3,NO_LINK_BLOCKAGE,0,6.747183867499732,0.125,0.125,0.35488789950345845,0.13981463822083195,0.12783784800170905,0.0010416666666666667,1.1012729151463876
53,KU26G_9beb240f5c87d944e6cc,comm_sym2000_int10_10s_scen1_activity11_rep4.bin,KU_S1_A11_R4,11,4,NO_LINK_BLOCKAGE,0,4.534255055396379,0.075,0.075,0.18350028206973037,0.07025736198238919,0.08337312116390988,0.0,0.4526817400559174
54,KU26G_4519c398d918d520fb65,comm_sym2000_int10_10s_scen1_activity11_rep5.bin,KU_S1_A11_R5,11,5,NO_LINK_BLOCKAGE,0,2.742446163756,0.05,0.05,0.09513038766735765,0.044545677307668674,0.07870824968162693,0.0,0.43802566746100613
55,KU26G_0dc5533cf3291263b346,comm_sym2000_int10_10s_scen1_activity12_rep1.bin,KU_S1_A12_R1,12,1,NO_LINK_BLOCKAGE,0,0.04294302212009171,0.0,0.0,0.014173926170390178,0.006960579330570149,0.05268155373801087,0.0,0.06747875017107106
56,KU26G_d7792aa0f2fb5824039b,comm_sym2000_int10_10s_scen1_activity12_rep2.bin,KU_S1_A12_R2,12,2,NO_LINK_BLOCKAGE,0,1.583115313129131,0.0125,0.0125,0.05108652228765037,0.019800021884342378,0.06929003387687455,0.0,0.3447338778551714
57,KU26G_50bd4f31752c036f2186,comm_sym2000_int10_10s_scen1_activity12_rep3.bin,KU_S1_A12_R3,12,3,NO_LINK_BLOCKAGE,0,0.8424006758354494,0.0,0.0,0.021531803271523264,0.0123787766326654,0.06805026925066099,0.0,0.2684124244417958
58,KU26G_2aff7b9fc16d8ba45636,comm_sym2000_int10_10s_scen1_activity12_rep4.bin,KU_S1_A12_R4,12,4,NO_LINK_BLOCKAGE,0,1.6527999457476774,0.0375,0.0375,0.0605223680372331,0.023283973475128117,0.0655616497743684,0.0,0.44195990718410744
59,KU26G_b9fefea42ecbd11e1bf7,comm_sym2000_int10_10s_scen1_activity12_rep5.bin,KU_S1_A12_R5,12,5,NO_LINK_BLOCKAGE,0,2.6699082077446974,0.05,0.05,0.09305483278873253,0.04362981336381655,0.07645165434311196,0.0,0.3894187946568086
60,KU26G_4c008ec7e4e020b83681,comm_sym2000_int10_10s_scen1_activity13_rep1.bin,KU_S1_A13_R1,13,1,BLOCKAGE_EVENT_PRESENT,1,4.839889547034701,0.075,0.075,0.17317250820991112,0.07536312878664153,0.07989417448671016,0.0,0.49331352394416983
61,KU26G_46d95d3825a287c190e5,comm_sym2000_int10_10s_scen1_activity13_rep2.bin,KU_S1_A13_R2,13,2,BLOCKAGE_EVENT_PRESENT,1,2.551071684518078,0.05,0.05,0.12777177467067166,0.04416466388280227,0.11920697017654253,0.0,0.5794142796744304
62,KU26G_cfd328f3c71e6835d8dc,comm_sym2000_int10_10s_scen1_activity13_rep3.bin,KU_S1_A13_R3,13,3,BLOCKAGE_EVENT_PRESENT,1,2.040541541653493,0.05,0.05,0.0899189313024264,0.030277692632800002,0.07132385503106187,0.0,0.6094711088859452
63,KU26G_f962b3d917e02b191a17,comm_sym2000_int10_10s_scen1_activity13_rep4.bin,KU_S1_A13_R4,13,4,BLOCKAGE_EVENT_PRESENT,1,2.0564644367259213,0.0375,0.0375,0.09639200590283209,0.029371525236014384,0.07549241528211709,0.0,0.5707982325191759
64,KU26G_93c2a50080482ad58b10,comm_sym2000_int10_10s_scen1_activity13_rep5.bin,KU_S1_A13_R5,13,5,BLOCKAGE_EVENT_PRESENT,1,3.6084044877595325,0.0625,0.0625,0.15078937748281024,0.05272904084015806,0.11100395323534501,0.0,0.5022639742583214
65,KU26G_3476412910b972908719,comm_sym2000_int10_10s_scen1_activity14_rep1.bin,KU_S1_A14_R1,14,1,BLOCKAGE_EVENT_PRESENT,1,0.4637188004218089,0.025,0.025,0.026372891045100627,0.010789248443120791,0.05874757355646437,0.0,0.43430859948840855
66,KU26G_975403155fed380ebb6e,comm_sym2000_int10_10s_scen1_activity14_rep2.bin,KU_S1_A14_R2,14,2,BLOCKAGE_EVENT_PRESENT,1,0.6990987450185955,0.025,0.025,0.02000017153848399,0.011937728224454935,0.04540359366633223,0.0,0.33340086084386716
67,KU26G_e9628b8b66fdda20ffd0,comm_sym2000_int10_10s_scen1_activity14_rep3.bin,KU_S1_A14_R3,14,3,BLOCKAGE_EVENT_PRESENT,1,0.8340870454567906,0.025,0.025,0.02561811184860191,0.01346960778665629,0.05975059664861554,0.0,0.2760644550978093
68,KU26G_29c85e6667d3084674f0,comm_sym2000_int10_10s_scen1_activity14_rep4.bin,KU_S1_A14_R4,14,4,BLOCKAGE_EVENT_PRESENT,1,0.801078946532428,0.0125,0.0125,0.03561807114947546,0.010793423576165528,0.04813409803272495,0.0,0.4256067515212801
69,KU26G_52726d67b9b65168d5be,comm_sym2000_int10_10s_scen1_activity14_rep5.bin,KU_S1_A14_R5,14,5,BLOCKAGE_EVENT_PRESENT,1,0.16639293899575236,0.0375,0.0375,0.029414377225068927,0.012836208093700674,0.05891123158303735,0.0,0.5454395086685767
70,KU26G_67b0d4ef53cd1d6338d8,comm_sym2000_int10_10s_scen1_activity15_rep1.bin,KU_S1_A15_R1,15,1,BLOCKAGE_EVENT_PRESENT,1,4.469110444552992,0.125,0.125,0.16109964378193053,0.07407837303074694,0.09349624595280381,0.0,0.3929379213278968
71,KU26G_7295d86512dfb0ddc02e,comm_sym2000_int10_10s_scen1_activity15_rep2.bin,KU_S1_A15_R2,15,2,BLOCKAGE_EVENT_PRESENT,1,6.518143376990825,0.225,0.225,0.25136673440058216,0.13269645658902252,0.16512399210594503,0.0,0.2902997346831204
72,KU26G_3db16f253fd022a797df,comm_sym2000_int10_10s_scen1_activity15_rep3.bin,KU_S1_A15_R3,15,3,BLOCKAGE_EVENT_PRESENT,1,5.273839187833872,0.1125,0.1125,0.19453778439069636,0.10377217068576738,0.09561640987181919,0.0,0.3188239727161243
73,KU26G_4587f643d31c9cdafb33,comm_sym2000_int10_10s_scen1_activity15_rep4.bin,KU_S1_A15_R4,15,4,BLOCKAGE_EVENT_PRESENT,1,6.261720208658399,0.0875,0.0875,0.24061671419928155,0.12618207270902881,0.08127765432003181,0.0,0.27045764838830094
74,KU26G_c04a18d55762f46ccb35,comm_sym2000_int10_10s_scen1_activity15_rep5.bin,KU_S1_A15_R5,15,5,BLOCKAGE_EVENT_PRESENT,1,7.015583516415834,0.125,0.125,0.2746868274320923,0.14891176832511543,0.14468574994904376,0.0,0.3814877770487892
75,KU26G_e1102401b16cdd49bc8b,comm_sym2000_int10_10s_scen1_activity16_rep1.bin,KU_S1_A16_R1,16,1,BLOCKAGE_EVENT_PRESENT,1,4.342378359725366,0.375,0.175,0.17243496499007424,0.07698415771717759,0.13965511778534234,0.0,0.6044203810905554
76,KU26G_a46f7ecf30204f5244c1,comm_sym2000_int10_10s_scen1_activity16_rep2.bin,KU_S1_A16_R2,16,2,BLOCKAGE_EVENT_PRESENT,1,7.980272695509829,0.5375,0.45,0.36333992736975806,0.18380873042963708,0.19271147577642717,0.0,0.5236779701904475
77,KU26G_4cbc17881c12b29e9fa1,comm_sym2000_int10_10s_scen1_activity16_rep3.bin,KU_S1_A16_R3,16,3,BLOCKAGE_EVENT_PRESENT,1,6.244252854902257,0.4625,0.325,0.2626473819743487,0.13174223151086595,0.16653085029596548,0.0,0.5372037935124478
78,KU26G_f5bfcd0fc6c15c677c29,comm_sym2000_int10_10s_scen1_activity16_rep4.bin,KU_S1_A16_R4,16,4,BLOCKAGE_EVENT_PRESENT,1,7.65352062086426,0.4375,0.3625,0.35739568675526523,0.1835965147390427,0.19525216326937,0.0,0.6667341866252439
79,KU26G_a7af08f23fefc27d7e17,comm_sym2000_int10_10s_scen1_activity16_rep5.bin,KU_S1_A16_R5,16,5,BLOCKAGE_EVENT_PRESENT,1,8.027631943533848,0.5375,0.5375,0.3867490679389838,0.1833637427250654,0.236015540051441,0.0,0.5546641745648133
80,KU26G_639825935d6ebc529ef2,comm_sym2000_int10_10s_scen1_activity17_rep1.bin,KU_S1_A17_R1,17,1,BLOCKAGE_EVENT_PRESENT,1,3.970295732010303,0.0875,0.0875,0.13318673092536457,0.06793933199261082,0.07281279692192011,0.0,0.4139349850545816
81,KU26G_0e99187e4e35d72e15c5,comm_sym2000_int10_10s_scen1_activity17_rep2.bin,KU_S1_A17_R2,17,2,BLOCKAGE_EVENT_PRESENT,1,4.870534145506511,0.0875,0.0875,0.21616751921882724,0.08072807236940671,0.1451997334593313,0.0,0.5304511975035673
82,KU26G_3d9603ed9519846b8c35,comm_sym2000_int10_10s_scen1_activity17_rep3.bin,KU_S1_A17_R3,17,3,BLOCKAGE_EVENT_PRESENT,1,4.106785411258311,0.075,0.075,0.14145418037822405,0.060866240807022964,0.06653688493969273,0.0,0.5850213132935338
83,KU26G_9c954b3cd0a8092c8e69,comm_sym2000_int10_10s_scen1_activity17_rep4.bin,KU_S1_A17_R4,17,4,BLOCKAGE_EVENT_PRESENT,1,5.619744095006787,0.0875,0.0875,0.23674569943473925,0.11052720923519799,0.07826372733781461,0.0,0.42329705528515044
84,KU26G_5b3ab490d20573fa900e,comm_sym2000_int10_10s_scen1_activity17_rep5.bin,KU_S1_A17_R5,17,5,BLOCKAGE_EVENT_PRESENT,1,5.223302241756805,0.1125,0.1125,0.20261351030214217,0.09770866432170666,0.06499816286620752,0.0,0.41633673054722214
85,KU26G_e8b9023cefd964ec136c,comm_sym2000_int10_10s_scen1_activity18_rep1.bin,KU_S1_A18_R1,18,1,BLOCKAGE_EVENT_PRESENT,1,1.3035242684486121,0.025,0.025,0.04202761816853123,0.016019702303755934,0.04766547500002705,0.0,0.3819446289644239
86,KU26G_b8d44f9689def1c4988f,comm_sym2000_int10_10s_scen1_activity18_rep2.bin,KU_S1_A18_R2,18,2,BLOCKAGE_EVENT_PRESENT,1,1.6173147634387028,0.05,0.05,0.05952380532701168,0.022643800775150047,0.047941902739113196,0.0,0.4447718578887217
87,KU26G_d24ace3c2df14d6491c6,comm_sym2000_int10_10s_scen1_activity18_rep3.bin,KU_S1_A18_R3,18,3,BLOCKAGE_EVENT_PRESENT,1,0.7981096547955389,0.0375,0.0375,0.030037944752612233,0.011515977189455073,0.043279803817313056,0.0,0.5490416310782289
88,KU26G_10f367a2dd45b5de1dbe,comm_sym2000_int10_10s_scen1_activity18_rep4.bin,KU_S1_A18_R4,18,4,BLOCKAGE_EVENT_PRESENT,1,1.1718644070265967,0.0375,0.0375,0.051477045403496846,0.02262671092788726,0.06769839636898983,0.0,0.6281917032215609
89,KU26G_1ec2dec321a093404a9d,comm_sym2000_int10_10s_scen1_activity18_rep5.bin,KU_S1_A18_R5,18,5,BLOCKAGE_EVENT_PRESENT,1,0.5187223386547402,0.0125,0.0125,0.030269233912223414,0.015073049332716582,0.04665977166868718,0.0,0.3457002567667038
90,KU26G_13f663173fe68fdbc9ab,comm_sym2000_int10_10s_scen1_activity19_rep1.bin,KU_S1_A19_R1,19,1,NO_LINK_BLOCKAGE,0,6.401453433289145,0.1,0.1,0.27135384846729504,0.14329923865586902,0.1961098378885554,0.0,0.6134665916482404
91,KU26G_3a531910f7dd7068a0b0,comm_sym2000_int10_10s_scen1_activity19_rep2.bin,KU_S1_A19_R2,19,2,NO_LINK_BLOCKAGE,0,7.341970459653744,0.1,0.1,0.37866357479653445,0.15098057298344314,0.08256875391810581,0.0,0.8555235371540809
92,KU26G_ebefb529e8adc9233229,comm_sym2000_int10_10s_scen1_activity19_rep3.bin,KU_S1_A19_R3,19,3,NO_LINK_BLOCKAGE,0,7.073217429953814,0.125,0.125,0.383617743415348,0.13370949360009232,0.0704532424121242,0.0,0.9144018427853836
93,KU26G_6f8289144d4ca45a30b6,comm_sym2000_int10_10s_scen1_activity19_rep4.bin,KU_S1_A19_R4,19,4,NO_LINK_BLOCKAGE,0,5.089200537206313,0.1375,0.1375,0.20163818758365795,0.08705496299740922,0.0923784749347018,0.0,0.8877160405451838
94,KU26G_cfcdb79142ec3d79aa76,comm_sym2000_int10_10s_scen1_activity19_rep5.bin,KU_S1_A19_R5,19,5,NO_LINK_BLOCKAGE,0,5.685107902473174,0.15,0.15,0.24971087224333632,0.09929109682688153,0.08771843351080821,0.0,0.7043870599580947
95,KU26G_b38ed63b27e25f36f46f,comm_sym2000_int10_10s_scen1_activity20_rep1.bin,KU_S1_A20_R1,20,1,NO_LINK_BLOCKAGE,0,4.411342167991073,0.075,0.075,0.1982021930840138,0.08037689832540607,0.07783425531937949,0.0,0.9313294671110379
96,KU26G_ad716d4e2b785a7c9c01,comm_sym2000_int10_10s_scen1_activity20_rep2.bin,KU_S1_A20_R2,20,2,NO_LINK_BLOCKAGE,0,2.60227850403464,0.05,0.05,0.10070517615471622,0.03560089020782864,0.08149494109419081,0.0,0.5362563675688213
97,KU26G_845284926971ed2418da,comm_sym2000_int10_10s_scen1_activity20_rep3.bin,KU_S1_A20_R3,20,3,NO_LINK_BLOCKAGE,0,4.4874829678737065,0.0875,0.0875,0.1787757479712533,0.07518776222980283,0.07661218294928585,0.0,1.0295779916295862
98,KU26G_9a0583227446f0204682,comm_sym2000_int10_10s_scen1_activity20_rep4.bin,KU_S1_A20_R4,20,4,NO_LINK_BLOCKAGE,0,1.9281182732509556,0.0375,0.0375,0.09205778407235404,0.030372814806740922,0.0887834770888733,0.0,0.2988921536377407
99,KU26G_1b86c8086123e24ec94b,comm_sym2000_int10_10s_scen1_activity20_rep5.bin,KU_S1_A20_R5,20,5,NO_LINK_BLOCKAGE,0,2.3660688637470777,0.05,0.05,0.09286470831473934,0.04137120404692507,0.07453177476126838,0.0,0.4603680813027806
100,KU26G_102104473c49bf649dd7,comm_sym2000_int10_10s_scen1_activity21_rep1.bin,KU_S1_A21_R1,21,1,BLOCKAGE_EVENT_PRESENT,1,2.80255129423821,0.05,0.05,0.12062046059636386,0.039507607884980644,0.07148570977169638,0.0,0.4853280498066251
101,KU26G_72a706061581068bdd5c,comm_sym2000_int10_10s_scen1_activity21_rep2.bin,KU_S1_A21_R2,21,2,BLOCKAGE_EVENT_PRESENT,1,1.5063510219480563,0.025,0.025,0.06487558289741105,0.018275950819285125,0.058266253574471294,0.0,0.5984439287285019
102,KU26G_e40ea817fb76436e9c7c,comm_sym2000_int10_10s_scen1_activity21_rep3.bin,KU_S1_A21_R3,21,3,BLOCKAGE_EVENT_PRESENT,1,2.414541615916388,0.05,0.05,0.09374285804034727,0.03189408304884356,0.058562178040961144,0.0,0.4216367962614462
103,KU26G_2cdf7d110055e43037a2,comm_sym2000_int10_10s_scen1_activity21_rep4.bin,KU_S1_A21_R4,21,4,BLOCKAGE_EVENT_PRESENT,1,4.647446092551963,0.075,0.075,0.1962738961494218,0.07970069730075635,0.05829196616195964,0.0,0.5379393416552436
104,KU26G_60e217093036e4d294ab,comm_sym2000_int10_10s_scen1_activity21_rep5.bin,KU_S1_A21_R5,21,5,BLOCKAGE_EVENT_PRESENT,1,2.098597270605328,0.0375,0.0375,0.0808377246476068,0.025132198676987683,0.06421845521131803,0.0,0.6451156365754551
105,KU26G_36393e3755d68c15361c,comm_sym2000_int10_10s_scen1_activity22_rep1.bin,KU_S1_A22_R1,22,1,BLOCKAGE_EVENT_PRESENT,1,0.5985024548256952,0.0125,0.0125,0.04245240575667475,0.010771380607339842,0.04943977746592171,0.0,0.9142296811355932
106,KU26G_cd7e2786640bbeaf4de6,comm_sym2000_int10_10s_scen1_activity22_rep2.bin,KU_S1_A22_R2,22,2,BLOCKAGE_EVENT_PRESENT,1,0.15171947572839528,0.025,0.025,0.019766800305990262,0.011403487185235206,0.048895522685485804,0.0,0.26987362854681457
107,KU26G_5d1d880f9314559c1b39,comm_sym2000_int10_10s_scen1_activity22_rep3.bin,KU_S1_A22_R3,22,3,BLOCKAGE_EVENT_PRESENT,1,1.4181138503772388,0.025,0.025,0.05829775849823782,0.01834190702781424,0.051244968242282696,0.0,0.6239441043424974
108,KU26G_2562c0548b7fc856e1e5,comm_sym2000_int10_10s_scen1_activity22_rep4.bin,KU_S1_A22_R4,22,4,BLOCKAGE_EVENT_PRESENT,1,1.4849514360176315,0.025,0.025,0.062271599149391677,0.021206741123450668,0.07398537740167788,0.0,0.6309827990186161
109,KU26G_3b07092700e1e9add062,comm_sym2000_int10_10s_scen1_activity22_rep5.bin,KU_S1_A22_R5,22,5,BLOCKAGE_EVENT_PRESENT,1,0.14605705840622107,0.0125,0.0125,0.018424109109321962,0.008016005699518547,0.04174718943174022,0.0,0.40452835918388724
110,KU26G_551625894ab6a034410d,comm_sym2000_int10_10s_scen1_activity23_rep1.bin,KU_S1_A23_R1,23,1,NO_LINK_BLOCKAGE,0,6.52386458940877,0.125,0.0875,0.24513361940300596,0.12440236960556006,0.1258324568807141,0.0,0.8921906770540559
111,KU26G_f4788d6a785d9166a1a6,comm_sym2000_int10_10s_scen1_activity23_rep2.bin,KU_S1_A23_R2,23,2,NO_LINK_BLOCKAGE,0,4.658697102416138,0.075,0.075,0.2268728573904182,0.08492656920476327,0.07373937640524103,0.0,0.5260517579612497
112,KU26G_342f6fa4f1b3bd6ddcd3,comm_sym2000_int10_10s_scen1_activity23_rep3.bin,KU_S1_A23_R3,23,3,NO_LINK_BLOCKAGE,0,2.76154729810526,0.05,0.05,0.10474486020674104,0.03561251184968772,0.055142218972701496,0.0,0.3061057155460514
113,KU26G_8bf996faa75f55926e4a,comm_sym2000_int10_10s_scen1_activity23_rep4.bin,KU_S1_A23_R4,23,4,NO_LINK_BLOCKAGE,0,5.345794216818462,0.1,0.1,0.22089041464516426,0.09155133388816505,0.0778423129122583,0.0,0.39722051990737023
114,KU26G_d434544fb56d62d982af,comm_sym2000_int10_10s_scen1_activity23_rep5.bin,KU_S1_A23_R5,23,5,NO_LINK_BLOCKAGE,0,7.553576499283668,0.15,0.15,0.4240944019568502,0.14797497552176864,0.10324102646622108,0.0,0.5466572726649617
115,KU26G_7698061f15218737655a,comm_sym2000_int10_10s_scen1_activity24_rep1.bin,KU_S1_A24_R1,24,1,NO_LINK_BLOCKAGE,0,1.3573231006123656,0.0,0.0,0.05203711230046032,0.014134341370437897,0.06936514431510965,0.0,0.23884812952815837
116,KU26G_1401220f488c9b173248,comm_sym2000_int10_10s_scen1_activity24_rep2.bin,KU_S1_A24_R2,24,2,NO_LINK_BLOCKAGE,0,2.494838294378418,0.05,0.05,0.08698887585590837,0.03232284678207853,0.06094538059915161,0.0,0.26595870381351683
117,KU26G_6daa11c7ce77a9e34cb6,comm_sym2000_int10_10s_scen1_activity24_rep3.bin,KU_S1_A24_R3,24,3,NO_LINK_BLOCKAGE,0,3.881052710303454,0.0625,0.0625,0.14341502342458892,0.06053519503758664,0.046125340783768176,0.0,0.4277755636575669
118,KU26G_c54fdc843a5c64048b3d,comm_sym2000_int10_10s_scen1_activity24_rep4.bin,KU_S1_A24_R4,24,4,NO_LINK_BLOCKAGE,0,2.9305979994204634,0.05,0.05,0.12485771654458241,0.047949487312033745,0.05368404901662732,0.0,0.39267514267318265
119,KU26G_2ddb944d935db3e07a65,comm_sym2000_int10_10s_scen1_activity24_rep5.bin,KU_S1_A24_R5,24,5,NO_LINK_BLOCKAGE,0,1.9591070890905549,0.0375,0.0375,0.08788086516407226,0.028800022529057223,0.05191616581968789,0.0,0.26654965464664737
120,KU26G_b84d4b3c18f242b7eba6,comm_sym2000_int10_10s_scen1_activity25_rep1.bin,KU_S1_A25_R1,25,1,BLOCKAGE_EVENT_PRESENT,1,4.453704932992466,0.075,0.075,0.1738241005123542,0.07518145692269407,0.08276898558460499,0.0,0.4773821445243082
121,KU26G_da228f42158cbc9037bd,comm_sym2000_int10_10s_scen1_activity25_rep2.bin,KU_S1_A25_R2,25,2,BLOCKAGE_EVENT_PRESENT,1,4.266360405707637,0.075,0.075,0.18952990069073244,0.06906673708326971,0.07957246611096513,0.0,0.43133857869533493
122,KU26G_69944936ce9776f91a1a,comm_sym2000_int10_10s_scen1_activity25_rep3.bin,KU_S1_A25_R3,25,3,BLOCKAGE_EVENT_PRESENT,1,4.801309738317219,0.075,0.075,0.17714829413125763,0.08408450654039556,0.0713636159383883,0.0,0.5595840598327596
123,KU26G_d03bf55bbc27abd1f5a2,comm_sym2000_int10_10s_scen1_activity25_rep4.bin,KU_S1_A25_R4,25,4,BLOCKAGE_EVENT_PRESENT,1,4.827162946230196,0.0875,0.0875,0.1807652834821307,0.08674512354629182,0.08943755937895814,0.0,0.4909871557404692
124,KU26G_76e98dd4aff0dd0d64da,comm_sym2000_int10_10s_scen1_activity25_rep5.bin,KU_S1_A25_R5,25,5,BLOCKAGE_EVENT_PRESENT,1,4.687168229295445,0.0875,0.0875,0.20876955662412458,0.07012200156228066,0.051868319956487385,0.0,0.36640915302824756
125,KU26G_84fe3180ea5cada331d2,comm_sym2000_int10_10s_scen1_activity26_rep1.bin,KU_S1_A26_R1,26,1,BLOCKAGE_EVENT_PRESENT,1,1.5847128730713358,0.05,0.05,0.0550147882249305,0.02062253659057245,0.05426122644961162,0.0,0.6149292804201523
126,KU26G_b998439ab674e7b5a247,comm_sym2000_int10_10s_scen1_activity26_rep2.bin,KU_S1_A26_R2,26,2,BLOCKAGE_EVENT_PRESENT,1,0.6860861924950932,0.0375,0.0375,0.045565620207497354,0.019269822046802942,0.05627761626058775,0.0,0.5249304778311835
127,KU26G_e5161d20fa9170d8cbd8,comm_sym2000_int10_10s_scen1_activity26_rep3.bin,KU_S1_A26_R3,26,3,BLOCKAGE_EVENT_PRESENT,1,1.6720176208465993,0.05,0.05,0.04553891967733148,0.023604360245401246,0.07768652333877285,0.0,0.600016296265152
128,KU26G_7f80d7c03cec5d8ce51b,comm_sym2000_int10_10s_scen1_activity26_rep4.bin,KU_S1_A26_R4,26,4,BLOCKAGE_EVENT_PRESENT,1,2.050782370427026,0.0375,0.0375,0.06466140109412763,0.02781939086654528,0.043258357235922196,0.0,0.5427771536166899
129,KU26G_46b228cd6d2eddbc5364,comm_sym2000_int10_10s_scen1_activity26_rep5.bin,KU_S1_A26_R5,26,5,BLOCKAGE_EVENT_PRESENT,1,2.242683869667122,0.05,0.05,0.09702593610762938,0.03402798612423519,0.07340077686549801,0.0,0.7270853622127351
130,KU26G_cf3789359c7af0a6220a,comm_sym2000_int10_10s_scen1_activity27_rep1.bin,KU_S1_A27_R1,27,1,NO_LINK_BLOCKAGE,0,8.694248828972878,0.1625,0.1625,0.44868253700998484,0.19769039088411977,0.2057346820358395,0.0010416666666666667,0.7521505292753756
131,KU26G_843684792064d0c18b92,comm_sym2000_int10_10s_scen1_activity27_rep2.bin,KU_S1_A27_R2,27,2,NO_LINK_BLOCKAGE,0,8.146121339478732,0.125,0.125,0.39047261994629345,0.19027066002700954,0.27359772854397224,0.0,0.4828516865712027
132,KU26G_a2891dc6f3fc32e701c4,comm_sym2000_int10_10s_scen1_activity27_rep3.bin,KU_S1_A27_R3,27,3,NO_LINK_BLOCKAGE,0,8.367523343058341,0.1625,0.1625,0.4022205196930139,0.18785833191147505,0.11931423136858271,0.0,0.5397541167183486
133,KU26G_229020ab1aa9440a530a,comm_sym2000_int10_10s_scen1_activity27_rep4.bin,KU_S1_A27_R4,27,4,NO_LINK_BLOCKAGE,0,7.836097229849212,0.1125,0.1125,0.3810227307419798,0.17057646036442686,0.1333845958149537,0.0010416666666666667,0.5658549678917627
134,KU26G_07c64e11c767256adf1b,comm_sym2000_int10_10s_scen1_activity27_rep5.bin,KU_S1_A27_R5,27,5,NO_LINK_BLOCKAGE,0,5.627225866412605,0.0875,0.0875,0.23635205165117507,0.09611582293326615,0.09425495281760027,0.0010416666666666667,0.4795071861076582
135,KU26G_b82e3c6b37808e4c6c98,comm_sym2000_int10_10s_scen1_activity28_rep1.bin,KU_S1_A28_R1,28,1,NO_LINK_BLOCKAGE,0,1.3527019005885172,0.0125,0.0125,0.07145927139960892,0.021146819477887213,0.06523499698998259,0.0,0.30768395307756596
136,KU26G_9984530cb5df4b0a7c61,comm_sym2000_int10_10s_scen1_activity28_rep2.bin,KU_S1_A28_R2,28,2,NO_LINK_BLOCKAGE,0,1.6342405097048704,0.0,0.0,0.05606106306549363,0.020562170854204087,0.05795048028771399,0.0,0.3077315221327582
137,KU26G_24a19b244184468f1b70,comm_sym2000_int10_10s_scen1_activity28_rep3.bin,KU_S1_A28_R3,28,3,NO_LINK_BLOCKAGE,0,0.8231069470107109,0.0,0.0,0.05375546402303466,0.011930335422836835,0.046319194402685226,0.0,0.26634919895615944
138,KU26G_32f79ba5e1b2e45fc21b,comm_sym2000_int10_10s_scen1_activity28_rep4.bin,KU_S1_A28_R4,28,4,NO_LINK_BLOCKAGE,0,2.2041669515904907,0.05,0.05,0.10634755637733834,0.02841842439236708,0.07580510416794384,0.0,0.2610939833498282
139,KU26G_67d622fff1f4333aea23,comm_sym2000_int10_10s_scen1_activity28_rep5.bin,KU_S1_A28_R5,28,5,NO_LINK_BLOCKAGE,0,1.7007462824789172,0.0,0.0,0.0663895045181587,0.021840263117729353,0.051338922376378326,0.0,0.421590346023137
140,KU26G_ecf7b9712489248de54d,comm_sym2000_int10_10s_scen1_activity29_rep1.bin,KU_S1_A29_R1,29,1,BLOCKAGE_EVENT_PRESENT,1,4.757873470406672,0.1,0.1,0.16877921169654914,0.08587552049547098,0.05702477137464701,0.0,0.359368121008524
141,KU26G_9b1351cd6568a027ee69,comm_sym2000_int10_10s_scen1_activity29_rep2.bin,KU_S1_A29_R2,29,2,BLOCKAGE_EVENT_PRESENT,1,5.09519266677685,0.075,0.075,0.20693756965155005,0.09562350042224788,0.10243305203519987,0.0,0.49332195486318536
142,KU26G_99e088869e615551192b,comm_sym2000_int10_10s_scen1_activity29_rep3.bin,KU_S1_A29_R3,29,3,BLOCKAGE_EVENT_PRESENT,1,5.258192985761713,0.0875,0.0875,0.18999075886191846,0.09211414879367474,0.06497950722558737,0.0,0.5834187519140859
143,KU26G_f0f74e839603b68371e7,comm_sym2000_int10_10s_scen1_activity29_rep4.bin,KU_S1_A29_R4,29,4,BLOCKAGE_EVENT_PRESENT,1,0.969972671367497,0.025,0.025,0.07569095389204089,0.027322262527954444,0.09434130787711287,0.0,0.31363802992240875
144,KU26G_a8a4814d2e9b29f81227,comm_sym2000_int10_10s_scen1_activity29_rep5.bin,KU_S1_A29_R5,29,5,BLOCKAGE_EVENT_PRESENT,1,4.6747690725067805,0.075,0.075,0.15572405269877312,0.08255434934417949,0.0938592549183011,0.0,0.5177236432315627
145,KU26G_3014285b50f6a6a8327a,comm_sym2000_int10_10s_scen1_activity30_rep1.bin,KU_S1_A30_R1,30,1,BLOCKAGE_EVENT_PRESENT,1,0.5260729250080871,0.0375,0.0375,0.02796513870848119,0.012792446144946124,0.05926927565762924,0.0,0.5591025366021591
146,KU26G_0199e5d627a2935f12b6,comm_sym2000_int10_10s_scen1_activity30_rep2.bin,KU_S1_A30_R2,30,2,BLOCKAGE_EVENT_PRESENT,1,1.2639863523956834,0.0375,0.0375,0.05057807848011678,0.0157505658724042,0.046512607520299454,0.0,0.644649932741498
147,KU26G_d9448bca2aaa8806edc5,comm_sym2000_int10_10s_scen1_activity30_rep3.bin,KU_S1_A30_R3,30,3,BLOCKAGE_EVENT_PRESENT,1,1.0177440488366543,0.0375,0.0375,0.06358330699875103,0.016045750957341176,0.04006857062953417,0.0,0.8120418718738531
148,KU26G_7c32e56a15bee15f0b63,comm_sym2000_int10_10s_scen1_activity30_rep4.bin,KU_S1_A30_R4,30,4,BLOCKAGE_EVENT_PRESENT,1,1.6908290366329517,0.025,0.025,0.07238057125335629,0.02332137981844229,0.055066519300453365,0.0,0.6561522400581021
149,KU26G_c8573de647b04f7c4460,comm_sym2000_int10_10s_scen1_activity30_rep5.bin,KU_S1_A30_R5,30,5,BLOCKAGE_EVENT_PRESENT,1,0.8167108904783156,0.025,0.025,0.027396999440671727,0.011208436716173997,0.04727990052029912,0.0,0.2031645139435403
150,KU26G_933304df98a1ae0ac6e7,comm_sym2000_int10_10s_scen1_activity31_rep1.bin,KU_S1_A31_R1,31,1,NO_LINK_BLOCKAGE,0,7.708513429951822,0.1375,0.1375,0.31165884621406714,0.18623520645345593,0.09777242441723144,0.0,0.7151141160093702
151,KU26G_0addc4d5543f90a1c12b,comm_sym2000_int10_10s_scen1_activity31_rep2.bin,KU_S1_A31_R2,31,2,NO_LINK_BLOCKAGE,0,4.84596055228716,0.125,0.125,0.21840597873848666,0.08841620814735918,0.08554798313658696,0.0,0.3607664095618889
152,KU26G_62a0118555518ffc3b2e,comm_sym2000_int10_10s_scen1_activity31_rep3.bin,KU_S1_A31_R3,31,3,NO_LINK_BLOCKAGE,0,3.362057185346753,0.0625,0.0625,0.1182494536880111,0.048947781604128604,0.10078388662379484,0.0,0.3066090368619162
153,KU26G_518357702c6a6daa6ca2,comm_sym2000_int10_10s_scen1_activity31_rep4.bin,KU_S1_A31_R4,31,4,NO_LINK_BLOCKAGE,0,5.2555253283054135,0.1125,0.1125,0.17957979965392498,0.08830672316339461,0.08576030862674033,0.0,0.5911755505675858
154,KU26G_e06d27b56a38e7704498,comm_sym2000_int10_10s_scen1_activity31_rep5.bin,KU_S1_A31_R5,31,5,NO_LINK_BLOCKAGE,0,2.2372673712132958,0.0125,0.0125,0.049173932470854775,0.02773741085502457,0.06674300474141853,0.0,0.1963189025944926
155,KU26G_9145f9ac92d822601bb8,comm_sym2000_int10_10s_scen1_activity32_rep1.bin,KU_S1_A32_R1,32,1,NO_LINK_BLOCKAGE,0,1.2486645664499427,0.0,0.0,0.025740793740889223,0.016184579299057922,0.06366805897205452,0.0,0.17133618568371292
156,KU26G_d1471e54e69b8538c218,comm_sym2000_int10_10s_scen1_activity32_rep2.bin,KU_S1_A32_R2,32,2,NO_LINK_BLOCKAGE,0,0.6522674628763134,0.0,0.0,0.031393885496653784,0.015873283440315245,0.08771672683439319,0.0,0.16650299886498435
157,KU26G_aa4a966517deaf92f70e,comm_sym2000_int10_10s_scen1_activity32_rep3.bin,KU_S1_A32_R3,32,3,NO_LINK_BLOCKAGE,0,1.4945515662593678,0.025,0.025,0.07592854353721604,0.024656897310067705,0.09003587489864012,0.0,0.4055071115881679
158,KU26G_507660d6f17d82f8dcc0,comm_sym2000_int10_10s_scen1_activity32_rep4.bin,KU_S1_A32_R4,32,4,NO_LINK_BLOCKAGE,0,3.293902949745103,0.0625,0.0625,0.09163765932873733,0.05046167247246236,0.09110543519236014,0.0,0.49659815762431336
159,KU26G_ed064475ea7fc88a8828,comm_sym2000_int10_10s_scen1_activity32_rep5.bin,KU_S1_A32_R5,32,5,NO_LINK_BLOCKAGE,0,2.479982791694834,0.0375,0.0375,0.06473670724496272,0.03797199938493345,0.05746439682779764,0.0,0.33842577652547456
