model_id,tau_mean,tau_std,selected_accuracy_mean,selected_accuracy_std,coverage_mean,coverage_std,false_specific_rate_mean,false_specific_rate_std,macro_f1_mean,macro_f1_std,balanced_accuracy_mean,balanced_accuracy_std,physical_selection_rate_mean,physical_selection_rate_std,physical_exact_match_mean,physical_exact_match_std,control_abstention_mean,control_abstention_std,training_seconds_mean,training_seconds_std,task_seconds_mean,task_seconds_std,inference_median_ms_per_interval_mean,inference_median_ms_per_interval_std,parameter_count_mean,parameter_count_std,serialized_model_bytes_mean,serialized_model_bytes_std
ROCKET,0.0200095996260643,0.0,0.8777777777777777,0.02728733708942846,1.0,0.0,1.0,0.0,0.9065863331264753,0.02173668962476952,0.8777777777777777,0.02728733708942849,0.9347222222222221,0.017894581564895998,0.8777777777777777,0.02728733708942846,0.9,0.020412414523193163,25.647538595199876,7.767739854543274,133.10433266360005,7.861240610750946,32.6750306407407,0.2950734426263513,,,1294843.8,4894.205365531773
MINIROCKET,0.0200095996260643,0.0,0.9041666666666666,0.009212846639876114,1.0,0.0,1.0,0.0,0.9273135867190698,0.007509079144752082,0.9041666666666666,0.009212846639876152,0.9486111111111111,0.01429948630692639,0.9041666666666666,0.009212846639876114,0.8666666666666666,0.027216552697590827,8.029545524600143,12.50309082105269,15.570060226199804,12.800059075368166,1.9018861111116316,0.11465292435468646,,,699704.6,2308.38944721206
MULTIROCKET,0.0200095996260643,0.0,0.9069444444444444,0.02728733708942849,1.0,0.0,1.0,0.0,0.932795774691718,0.01938261344982667,0.9069444444444444,0.027287337089428463,0.9430555555555553,0.021245914639969925,0.9069444444444444,0.02728733708942849,0.8722222222222221,0.03967460238079361,15.523863598800109,15.430563445354737,46.42240827379983,15.392220130232216,8.869003768981647,0.0678676082428693,,,3283471.4,9125.458664637083
HYDRA,0.41494536548852967,0.4836955537691638,0.4916666666666666,0.40194837977033815,1.0,0.0,1.0,0.0,0.5152933150544008,0.42112166875473706,0.4916666666666667,0.40194837977033815,0.5430555555555555,0.4434972545741572,0.4916666666666666,0.40194837977033815,0.8694444444444445,0.1203133768205984,3.5778769843999725,0.2380435554246715,17.13502682940007,0.6335705585382015,3.563798137963027,0.2936199977921942,,,295790.4,12.59523719506703
MULTIROCKET_HYDRA,0.0200095996260643,0.0,0.9069444444444444,0.024295632895188744,1.0,0.0,1.0,0.0,0.9339507722165502,0.01515691303183798,0.9069444444444444,0.024295632895188726,0.9402777777777777,0.02657100898570692,0.9069444444444444,0.024295632895188744,0.8638888888888889,0.026931554763424043,12.401329067400093,1.5390315336384746,55.41248809320005,1.844501651633336,12.843015042592805,0.6265760141405557,,,3577646.6,8751.926178847718
ARSENAL,0.32238254874944683,0.2575431584609023,0.8694444444444445,0.02031769283101083,1.0,0.0,1.0,0.0,0.9026899754711302,0.016534168811765435,0.8694444444444445,0.02031769283101083,0.923611111111111,0.024453912307859732,0.8694444444444445,0.02031769283101083,0.9,0.018425693279752235,88.81718164580006,0.9107592613631182,517.991749459,2.874264229853538,131.89559934074094,1.5617364536834932,,,5192997.0,9755.304095721465
FCN1D,0.24800383985042576,0.18615651761440571,0.8180555555555555,0.019837301190396815,1.0,0.0,1.0,0.0,0.8748518658162399,0.013472804018331761,0.8180555555555558,0.01983730119039678,0.8680555555555556,0.0313655271962117,0.8180555555555555,0.019837301190396815,0.8833333333333332,0.06186404847588915,7.502662390799924,1.2454978230069809,9.061808224000014,1.743937412405546,0.015067451388656792,0.007522432670158801,71814.0,0.0,296100.0,0.0
RESNET1D,0.08600767970085144,0.13199616014957427,0.8138888888888889,0.030238251468162832,1.0,0.0,1.0,0.0,0.867804106296088,0.028196073451763806,0.8138888888888889,0.0302382514681628,0.8722222222222223,0.013608276348795453,0.8138888888888889,0.030238251468162832,0.8583333333333332,0.034471315683307927,6.490267672799928,1.7314055556593317,7.924411890199917,1.6197859599446054,0.01744378148108202,0.001580143567887205,79942.0,0.0,338072.0,0.0
INCEPTIONTIME_LITE,0.09600767970085144,0.1519961601495743,0.8902777777777777,0.023814483610392012,1.0,0.0,1.0,0.0,0.912805075986675,0.018358293164540226,0.8902777777777777,0.023814483610391974,0.95,0.01416394309331329,0.8902777777777777,0.023814483610392012,0.9027777777777777,0.03286710990610897,8.186993113000062,1.2145751760837602,9.52832917859996,1.1541963351940938,0.02195918888892939,0.0037784523012749866,177460.0,0.0,726636.0,0.0
LITE1D,0.31328250914812095,0.1676209172481042,0.7652777777777777,0.03788383804718291,1.0,0.0,1.0,0.0,0.8396647126451666,0.025744535297829083,0.7652777777777777,0.03788383804718296,0.8180555555555558,0.038389652669681265,0.7652777777777777,0.03788383804718291,0.8805555555555555,0.058663089116508006,11.517956720600159,1.7361790167458226,12.916324284399888,1.8813316579601589,0.014070049537959105,0.0021232928925194357,7882.0,0.0,41734.0,0.0
TCN,0.2480038398504257,0.19404702793478323,0.788888888888889,0.050955378688455955,1.0,0.0,1.0,0.0,0.8577146759746505,0.035957156734180665,0.788888888888889,0.050955378688455955,0.8347222222222224,0.04635644241188509,0.788888888888889,0.050955378688455955,0.861111111111111,0.0362177911400147,6.860412419400018,0.6119778543168188,8.255051603600077,0.5865287824938527,0.016248723148203647,0.0016500555295393036,75974.0,0.0,320881.0,0.0
BIGRU,0.21000000000000002,0.019999999999999997,0.004166666666666667,0.0034020690871988586,1.0,0.0,1.0,0.0,0.007702182284980744,0.006298624095171808,0.004166666666666667,0.0034020690871988586,0.0125,0.01272937693043289,0.004166666666666667,0.0034020690871988586,0.9694444444444444,0.026931554763424084,1.3458824987999833,0.27546825750925674,2.6453866997999285,0.27960639525604586,0.017504085185801495,0.005327549835692566,29958.0,0.0,122575.0,0.0
BILSTM,0.32999999999999996,0.13999999999999999,0.15833333333333335,0.20765630733331616,1.0,0.0,1.0,0.0,0.1772275889388704,0.22756015364098517,0.1583333333333333,0.20765630733331608,0.19722222222222224,0.25186802099512356,0.15833333333333335,0.20765630733331616,0.9666666666666666,0.03239417719358502,3.9453732399999355,3.1033937432013974,5.26911689539993,3.1163172478165664,0.01190921111207933,0.0001622412291498182,39686.0,0.0,161487.0,0.0
TINY_TRANSFORMER,0.41287791222333914,0.2019143732819846,0.8569444444444445,0.03061862178478973,1.0,0.0,1.0,0.0,0.8954877681294084,0.022803346445653908,0.8569444444444445,0.030618621784789746,0.9097222222222221,0.022821773229381923,0.8569444444444445,0.03061862178478973,0.9083333333333332,0.032394177193585005,5.3152357647997635,0.9179424362577369,6.682711977200052,0.8478313462758967,0.020738499999963637,0.0039275912927742435,73286.0,0.0,302652.0,0.0
