model_id,metric,baseline_minus_phyguard,cluster_bootstrap_ci_low,cluster_bootstrap_ci_high,cluster_bootstrap_two_sided_p,exact_repeat_signflip_p,valid_bootstrap_replicates,classification,holm_adjusted_cluster_bootstrap_p
ROCKET,selected_accuracy,-0.0042236850080298,-0.0298585949852598,0.0215011558873612,0.7496,0.5,10000,INCONCLUSIVE,1.0
ROCKET,coverage,0.1027777777777777,0.074380596111054,0.1327130181512223,0.0,0.0625,10000,BASELINE_HIGHER,0.0
ROCKET,false_specific_rate,0.0444444444444444,-0.0019171895895557,0.0922621599229659,0.061,0.125,10000,INCONCLUSIVE,0.366
ROCKET,physical_exact_match,0.0930555555555555,0.0606887661030507,0.1271816671292683,0.0,0.0625,10000,BASELINE_HIGHER,0.0
ROCKET,control_abstention,-0.0444444444444444,-0.092262159922966,0.0019171895895558,0.061,0.125,10000,INCONCLUSIVE,0.366
MINIROCKET,selected_accuracy,0.0100910544356409,-0.0177319956457508,0.0379398244356584,0.4796,0.375,10000,INCONCLUSIVE,1.0
MINIROCKET,coverage,0.1166666666666666,0.0856977724379371,0.1502020551621426,0.0,0.0625,10000,BASELINE_HIGHER,0.0
MINIROCKET,false_specific_rate,0.0777777777777777,0.0268125372969185,0.1311516434509971,0.0026,0.0625,10000,PHYGUARD_LOWER_RISK,0.026
MINIROCKET,physical_exact_match,0.1194444444444444,0.0863013613490456,0.1548391567882111,0.0,0.0625,10000,BASELINE_HIGHER,0.0
MINIROCKET,control_abstention,-0.0777777777777777,-0.1311516434509971,-0.0268125372969186,0.0026,0.0625,10000,PHYGUARD_HIGHER,0.026
MULTIROCKET,selected_accuracy,0.018427728671592,-0.005293575409585,0.0432488696870066,0.1354,0.125,10000,INCONCLUSIVE,1.0
MULTIROCKET,coverage,0.111111111111111,0.0806148357489762,0.1438663697669661,0.0,0.0625,10000,BASELINE_HIGHER,0.0
MULTIROCKET,false_specific_rate,0.0722222222222222,0.0250956503215225,0.1219456404552066,0.0034,0.0625,10000,PHYGUARD_LOWER_RISK,0.0306
MULTIROCKET,physical_exact_match,0.1222222222222222,0.0910084885868392,0.1554692093041577,0.0,0.0625,10000,BASELINE_HIGHER,0.0
MULTIROCKET,control_abstention,-0.0722222222222221,-0.1219456404552069,-0.0250956503215225,0.0034,0.0625,10000,PHYGUARD_HIGHER,0.0306
HYDRA,selected_accuracy,-0.4000576113244953,-0.4258050074304318,-0.3740171519113799,0.0,0.0625,10000,PHYGUARD_HIGHER,0.0
HYDRA,coverage,-0.2888888888888889,-0.3218675455701569,-0.253920318227213,0.0,0.5,10000,PHYGUARD_HIGHER,0.0
HYDRA,false_specific_rate,0.075,0.0326861251565467,0.1187139042644072,0.001,0.375,10000,PHYGUARD_LOWER_RISK,0.012
HYDRA,physical_exact_match,-0.2930555555555555,-0.3297108218544537,-0.2549745685775347,0.0,0.4375,10000,PHYGUARD_HIGHER,0.0
HYDRA,control_abstention,-0.0749999999999999,-0.1187139042644072,-0.0326861251565466,0.001,0.375,10000,PHYGUARD_HIGHER,0.012
MULTIROCKET_HYDRA,selected_accuracy,0.0215015968050177,-0.0030163993495988,0.0465465348403777,0.085,0.125,10000,INCONCLUSIVE,0.935
MULTIROCKET_HYDRA,coverage,0.1083333333333333,0.077991889212355,0.1404375799217684,0.0,0.0625,10000,BASELINE_HIGHER,0.0
MULTIROCKET_HYDRA,false_specific_rate,0.0805555555555555,0.0306615259740259,0.1332071178948489,0.0012,0.0625,10000,PHYGUARD_LOWER_RISK,0.013199999999999998
MULTIROCKET_HYDRA,physical_exact_match,0.1222222222222221,0.0905926711309372,0.1550053127311781,0.0,0.0625,10000,BASELINE_HIGHER,0.0
MULTIROCKET_HYDRA,control_abstention,-0.0805555555555555,-0.133207117894849,-0.0306615259740261,0.0012,0.0625,10000,PHYGUARD_HIGHER,0.013199999999999998
ARSENAL,selected_accuracy,-0.0015390823007364,-0.0240761605561793,0.0215327014391935,0.8902,0.8125,10000,INCONCLUSIVE,1.0
ARSENAL,coverage,0.0916666666666666,0.0637294730777193,0.1216982074468904,0.0,0.0625,10000,BASELINE_HIGHER,0.0
ARSENAL,false_specific_rate,0.0444444444444444,-0.0040206567327805,0.095771950619838,0.077,0.125,10000,INCONCLUSIVE,0.366
ARSENAL,physical_exact_match,0.0847222222222222,0.0540971508763136,0.1180271863829843,0.0,0.0625,10000,BASELINE_HIGHER,0.0
ARSENAL,control_abstention,-0.0444444444444444,-0.095771950619838,0.0040206567327804,0.077,0.125,10000,INCONCLUSIVE,0.366
FCN1D,selected_accuracy,-0.0001944594569829,-0.0274342943298691,0.0270912367757097,0.9838,1.0,10000,INCONCLUSIVE,1.0
FCN1D,coverage,0.0361111111111111,-0.0002297847139391,0.0733707282980194,0.0518,0.1875,10000,INCONCLUSIVE,0.15539999999999998
FCN1D,false_specific_rate,0.0611111111111111,0.0171972441235422,0.1052388841360181,0.0052,0.25,10000,PHYGUARD_LOWER_RISK,0.0364
FCN1D,physical_exact_match,0.0333333333333333,-0.0049262573344172,0.0715570952714275,0.0884,0.1875,10000,INCONCLUSIVE,0.3536
FCN1D,control_abstention,-0.061111111111111,-0.1052388841360181,-0.0171972441235422,0.0052,0.25,10000,PHYGUARD_HIGHER,0.0364
RESNET1D,selected_accuracy,-0.0102145863033783,-0.0382699815103236,0.0177206029726082,0.4798,0.5,10000,INCONCLUSIVE,1.0
RESNET1D,coverage,0.0402777777777777,0.0037886285637232,0.0778357818988135,0.0294,0.0625,10000,BASELINE_HIGHER,0.1176
RESNET1D,false_specific_rate,0.0861111111111111,0.0373228921587725,0.1361629387891419,0.0006,0.0625,10000,PHYGUARD_LOWER_RISK,0.0078
RESNET1D,physical_exact_match,0.0291666666666666,-0.0102655519268491,0.0696097764886229,0.142,0.5,10000,INCONCLUSIVE,0.42599999999999993
RESNET1D,control_abstention,-0.086111111111111,-0.1361629387891422,-0.0373228921587726,0.0006,0.0625,10000,PHYGUARD_HIGHER,0.0078
INCEPTIONTIME_LITE,selected_accuracy,-0.0061929156090156,-0.0325716284258008,0.0206150259859255,0.6368,0.6875,10000,INCONCLUSIVE,1.0
INCEPTIONTIME_LITE,coverage,0.1180555555555555,0.0868376020625954,0.1517768933626554,0.0,0.0625,10000,BASELINE_HIGHER,0.0
INCEPTIONTIME_LITE,false_specific_rate,0.0416666666666666,-0.0029504319537646,0.0871047757678069,0.0664,0.25,10000,INCONCLUSIVE,0.366
INCEPTIONTIME_LITE,physical_exact_match,0.1055555555555555,0.0713231977505853,0.1412182879293395,0.0,0.0625,10000,BASELINE_HIGHER,0.0
INCEPTIONTIME_LITE,control_abstention,-0.0416666666666666,-0.087104775767807,0.0029504319537647,0.0664,0.25,10000,INCONCLUSIVE,0.366
LITE1D,selected_accuracy,-0.0075798388330295,-0.034550583441808,0.0195180830836387,0.5808,0.25,10000,INCONCLUSIVE,1.0
LITE1D,coverage,-0.0138888888888888,-0.0526840981287609,0.0252795974692023,0.4904,0.6875,10000,INCONCLUSIVE,0.9808
LITE1D,false_specific_rate,0.0638888888888889,0.0198391808942578,0.1085696363235919,0.0044,0.1875,10000,PHYGUARD_LOWER_RISK,0.0352
LITE1D,physical_exact_match,-0.0194444444444444,-0.0603383636924546,0.0221004351154802,0.3684,0.5,10000,INCONCLUSIVE,0.7368
LITE1D,control_abstention,-0.0638888888888888,-0.1085696363235921,-0.0198391808942579,0.0044,0.1875,10000,PHYGUARD_HIGHER,0.0352
TCN,selected_accuracy,0.0015191479252501,-0.0275229808356136,0.0303402475167252,0.927,0.9375,10000,INCONCLUSIVE,1.0
TCN,coverage,0.0027777777777777,-0.0359952321829878,0.0422614288910625,0.8798,1.0,10000,INCONCLUSIVE,0.9808
TCN,false_specific_rate,0.0833333333333333,0.0368591873624328,0.1304874037871041,0.0004,0.0625,10000,PHYGUARD_LOWER_RISK,0.0056
TCN,physical_exact_match,0.0041666666666666,-0.0387319700458944,0.0460135626467686,0.8484,0.9375,10000,INCONCLUSIVE,0.8484
TCN,control_abstention,-0.0833333333333333,-0.130487403787104,-0.0368591873624328,0.0004,0.0625,10000,PHYGUARD_HIGHER,0.0056
BIGRU,selected_accuracy,-0.7031826836122584,-0.9430938627274852,-0.4965378209081372,0.0,0.0625,10000,PHYGUARD_HIGHER,0.0
BIGRU,coverage,-0.8194444444444444,-0.8557475039545753,-0.7816234350064775,0.0,0.0625,10000,PHYGUARD_HIGHER,0.0
BIGRU,false_specific_rate,-0.025,-0.0539238740547737,0.0026633828621158,0.0752,0.3125,10000,INCONCLUSIVE,0.366
BIGRU,physical_exact_match,-0.7805555555555556,-0.8206442237241869,-0.73983303211824,0.0,0.0625,10000,PHYGUARD_HIGHER,0.0
BIGRU,control_abstention,0.025,-0.0026633828621159,0.0539238740547736,0.0752,0.3125,10000,INCONCLUSIVE,0.366
BILSTM,selected_accuracy,-0.5691650883043404,-0.6311810915256673,-0.4717582624469947,0.0,0.0625,10000,PHYGUARD_HIGHER,0.0
BILSTM,coverage,-0.6347222222222222,-0.6748972824329923,-0.5936938550883009,0.0,0.0625,10000,PHYGUARD_HIGHER,0.0
BILSTM,false_specific_rate,-0.0222222222222222,-0.052910737822503,0.0066760836441743,0.1434,0.5,10000,INCONCLUSIVE,0.366
BILSTM,physical_exact_match,-0.6263888888888889,-0.667676698814148,-0.5847834381949164,0.0,0.0625,10000,PHYGUARD_HIGHER,0.0
BILSTM,control_abstention,0.0222222222222222,-0.0066760836441743,0.0529107378225028,0.1434,0.5,10000,INCONCLUSIVE,0.366
TINY_TRANSFORMER,selected_accuracy,-0.0014329450460518,-0.025667549345594,0.0228295621079675,0.8964,0.8125,10000,INCONCLUSIVE,1.0
TINY_TRANSFORMER,coverage,0.0777777777777777,0.0427707027473434,0.1146806490573898,0.0,0.0625,10000,BASELINE_HIGHER,0.0
TINY_TRANSFORMER,false_specific_rate,0.0361111111111111,-0.0057414179808369,0.0791781703240411,0.0946,0.25,10000,INCONCLUSIVE,0.366
TINY_TRANSFORMER,physical_exact_match,0.0722222222222222,0.0349537693916144,0.1117555905618707,0.0,0.0625,10000,BASELINE_HIGHER,0.0
TINY_TRANSFORMER,control_abstention,-0.036111111111111,-0.0791781703240412,0.0057414179808367,0.0946,0.25,10000,INCONCLUSIVE,0.366
