model_id,Selected accuracy,Coverage,False-specific rate,Physical exact match,Control abstention
PhyGuard,0.9432 ± 0.0136,0.8319 ± 0.0261,0.0556 ± 0.0176,0.7847 ± 0.0281,0.9444 ± 0.0176
ROCKET,0.9390 ± 0.0176,0.9347 ± 0.0179,0.1000 ± 0.0204,0.8778 ± 0.0273,0.9000 ± 0.0204
MINIROCKET,0.9533 ± 0.0113,0.9486 ± 0.0143,0.1333 ± 0.0272,0.9042 ± 0.0092,0.8667 ± 0.0272
MULTIROCKET,0.9616 ± 0.0128,0.9431 ± 0.0212,0.1278 ± 0.0397,0.9069 ± 0.0273,0.8722 ± 0.0397
HYDRA,0.5431 ± 0.4437,0.5431 ± 0.4435,0.1306 ± 0.1203,0.4917 ± 0.4019,0.8694 ± 0.1203
MULTIROCKET_HYDRA,0.9647 ± 0.0132,0.9403 ± 0.0266,0.1361 ± 0.0269,0.9069 ± 0.0243,0.8639 ± 0.0269
ARSENAL,0.9416 ± 0.0200,0.9236 ± 0.0245,0.1000 ± 0.0184,0.8694 ± 0.0203,0.9000 ± 0.0184
FCN1D,0.9430 ± 0.0216,0.8681 ± 0.0314,0.1167 ± 0.0619,0.8181 ± 0.0198,0.8833 ± 0.0619
RESNET1D,0.9330 ± 0.0260,0.8722 ± 0.0136,0.1417 ± 0.0345,0.8139 ± 0.0302,0.8583 ± 0.0345
INCEPTIONTIME_LITE,0.9370 ± 0.0125,0.9500 ± 0.0142,0.0972 ± 0.0329,0.8903 ± 0.0238,0.9028 ± 0.0329
LITE1D,0.9356 ± 0.0192,0.8181 ± 0.0384,0.1194 ± 0.0587,0.7653 ± 0.0379,0.8806 ± 0.0587
TCN,0.9447 ± 0.0162,0.8347 ± 0.0464,0.1389 ± 0.0362,0.7889 ± 0.0510,0.8611 ± 0.0362
BIGRU,0.2400 ± 0.2245,0.0125 ± 0.0127,0.0306 ± 0.0269,0.0042 ± 0.0034,0.9694 ± 0.0269
BILSTM,0.3740 ± 0.3839,0.1972 ± 0.2519,0.0333 ± 0.0324,0.1583 ± 0.2077,0.9667 ± 0.0324
TINY_TRANSFORMER,0.9417 ± 0.0114,0.9097 ± 0.0228,0.0917 ± 0.0324,0.8569 ± 0.0306,0.9083 ± 0.0324
