model_id,repeat,index,truth,overall_prediction,candidate_prediction,prediction,confidence,tau,probability__adaptation_mismatch,probability__blockage,probability__interference,probability__mobility,probability__nonphysical_goodput,probability__normal
BIGRU,2,665,mobility,mobility,mobility,normal,0.1737060546875,0.2,0.1632080078125,0.16845703125,0.1497802734375,0.1737060546875,0.172119140625,0.1728515625
BIGRU,2,380,mobility,normal,normal,normal,0.0,0.2,0.1741943359375,0.16162109375,0.16015625,0.157958984375,0.160888671875,0.18505859375
BIGRU,2,160,adaptation_mismatch,normal,normal,normal,0.0,0.2,0.1600341796875,0.171875,0.1563720703125,0.16796875,0.1695556640625,0.1741943359375
BIGRU,2,720,normal,normal,normal,normal,0.0,0.2,0.1744384765625,0.1607666015625,0.1536865234375,0.1669921875,0.1666259765625,0.177490234375
BIGRU,2,813,interference,normal,normal,normal,0.0,0.2,0.1663818359375,0.15576171875,0.1650390625,0.1783447265625,0.1531982421875,0.1812744140625
BIGRU,2,874,blockage,normal,normal,normal,0.0,0.2,0.1629638671875,0.1751708984375,0.1644287109375,0.1591796875,0.16064453125,0.1776123046875
BIGRU,2,515,nonphysical_goodput,normal,normal,normal,0.0,0.2,0.1788330078125,0.1551513671875,0.163818359375,0.1585693359375,0.160400390625,0.183349609375
BIGRU,2,1063,nonphysical_goodput,normal,normal,normal,0.0,0.2,0.15869140625,0.166748046875,0.1549072265625,0.1761474609375,0.16455078125,0.1790771484375
BIGRU,2,982,adaptation_mismatch,nonphysical_goodput,normal,normal,0.0,0.2,0.16845703125,0.1346435546875,0.1419677734375,0.1776123046875,0.197509765625,0.179931640625
BIGRU,2,103,mobility,blockage,blockage,blockage,0.2008056640625,0.2,0.1365966796875,0.2008056640625,0.1695556640625,0.166015625,0.1729736328125,0.154052734375
BIGRU,2,26,interference,blockage,blockage,normal,0.18359375,0.2,0.1614990234375,0.18359375,0.16650390625,0.1512451171875,0.1673583984375,0.1697998046875
BIGRU,2,286,interference,mobility,mobility,normal,0.1761474609375,0.2,0.1536865234375,0.1744384765625,0.1522216796875,0.1761474609375,0.1737060546875,0.169921875
BIGRU,2,266,nonphysical_goodput,blockage,blockage,normal,0.1781005859375,0.2,0.1724853515625,0.1781005859375,0.1683349609375,0.14599609375,0.1600341796875,0.1751708984375
BIGRU,2,285,interference,normal,normal,normal,0.0,0.2,0.17333984375,0.1634521484375,0.165283203125,0.1573486328125,0.1583251953125,0.1822509765625
BIGRU,2,595,blockage,mobility,mobility,normal,0.1790771484375,0.2,0.1624755859375,0.1654052734375,0.156005859375,0.1790771484375,0.1739501953125,0.1630859375
BIGRU,2,519,nonphysical_goodput,normal,normal,normal,0.0,0.2,0.1845703125,0.1480712890625,0.163818359375,0.16162109375,0.1514892578125,0.1905517578125
BIGRU,2,473,normal,blockage,blockage,normal,0.1875,0.2,0.15185546875,0.1875,0.1671142578125,0.15966796875,0.1683349609375,0.1654052734375
BIGRU,2,893,blockage,blockage,blockage,normal,0.190673828125,0.2,0.145751953125,0.190673828125,0.1617431640625,0.164794921875,0.173828125,0.1630859375
BIGRU,2,984,adaptation_mismatch,normal,normal,normal,0.0,0.2,0.1629638671875,0.173095703125,0.16259765625,0.161376953125,0.1611328125,0.178955078125
BIGRU,2,959,adaptation_mismatch,normal,normal,normal,0.0,0.2,0.163818359375,0.1708984375,0.1610107421875,0.162841796875,0.16259765625,0.1788330078125
BIGRU,2,860,blockage,normal,normal,normal,0.0,0.2,0.1839599609375,0.14453125,0.162109375,0.16650390625,0.155029296875,0.1878662109375
BIGRU,2,259,nonphysical_goodput,blockage,blockage,normal,0.198974609375,0.2,0.1484375,0.198974609375,0.1712646484375,0.153076171875,0.16845703125,0.1597900390625
BIGRU,2,747,normal,normal,normal,normal,0.0,0.2,0.1719970703125,0.159912109375,0.1507568359375,0.170166015625,0.1673583984375,0.1798095703125
BIGRU,2,807,nonphysical_goodput,nonphysical_goodput,normal,normal,0.0,0.2,0.166259765625,0.1702880859375,0.1484375,0.1719970703125,0.1751708984375,0.167724609375
BIGRU,2,767,nonphysical_goodput,mobility,mobility,normal,0.1722412109375,0.2,0.1661376953125,0.1641845703125,0.1649169921875,0.1722412109375,0.1663818359375,0.166015625
BIGRU,2,476,normal,normal,normal,normal,0.0,0.2,0.17333984375,0.1563720703125,0.1605224609375,0.16455078125,0.1578369140625,0.1875
BIGRU,2,366,mobility,blockage,blockage,normal,0.176025390625,0.2,0.1610107421875,0.176025390625,0.16748046875,0.1611328125,0.1624755859375,0.171875
BIGRU,2,370,mobility,normal,normal,normal,0.0,0.2,0.1651611328125,0.1666259765625,0.15869140625,0.1646728515625,0.165771484375,0.178955078125
BIGRU,2,9,interference,adaptation_mismatch,adaptation_mismatch,normal,0.190185546875,0.2,0.190185546875,0.15771484375,0.1690673828125,0.1427001953125,0.1512451171875,0.189208984375
BIGRU,2,911,mobility,blockage,blockage,normal,0.179931640625,0.2,0.151611328125,0.179931640625,0.16015625,0.16943359375,0.1689453125,0.1700439453125
BIGRU,2,47,blockage,normal,normal,normal,0.0,0.2,0.166259765625,0.1727294921875,0.164306640625,0.15673828125,0.1632080078125,0.1767578125
BIGRU,2,178,adaptation_mismatch,blockage,blockage,normal,0.198974609375,0.2,0.14404296875,0.198974609375,0.16943359375,0.1571044921875,0.1715087890625,0.1588134765625
BIGRU,2,246,nonphysical_goodput,blockage,blockage,normal,0.1827392578125,0.2,0.154052734375,0.1827392578125,0.162109375,0.1610107421875,0.1712646484375,0.168701171875
BIGRU,2,626,blockage,normal,normal,normal,0.0,0.2,0.1671142578125,0.1634521484375,0.156494140625,0.1702880859375,0.166259765625,0.176513671875
BIGRU,2,10,interference,blockage,blockage,normal,0.1865234375,0.2,0.15283203125,0.1865234375,0.16455078125,0.15869140625,0.1705322265625,0.1669921875
BIGRU,2,235,nonphysical_goodput,normal,normal,normal,0.0,0.2,0.17138671875,0.1676025390625,0.1641845703125,0.1546630859375,0.1611328125,0.1810302734375
BIGRU,2,941,mobility,normal,normal,normal,0.0,0.2,0.1697998046875,0.153076171875,0.163330078125,0.1763916015625,0.1546630859375,0.1826171875
BIGRU,2,1043,nonphysical_goodput,normal,normal,normal,0.0,0.2,0.1719970703125,0.1513671875,0.1600341796875,0.177978515625,0.1561279296875,0.1824951171875
BIGRU,2,252,nonphysical_goodput,blockage,blockage,blockage,0.2000732421875,0.2,0.1380615234375,0.2000732421875,0.1669921875,0.163330078125,0.1756591796875,0.1558837890625
BIGRU,2,1065,nonphysical_goodput,normal,normal,normal,0.0,0.2,0.182861328125,0.1448974609375,0.1563720703125,0.1715087890625,0.160400390625,0.18408203125
BIGRU,2,571,interference,nonphysical_goodput,normal,normal,0.0,0.2,0.170654296875,0.167724609375,0.14697265625,0.1707763671875,0.174560546875,0.16943359375
BIGRU,2,166,adaptation_mismatch,blockage,blockage,normal,0.1761474609375,0.2,0.1571044921875,0.1761474609375,0.158447265625,0.166748046875,0.1690673828125,0.1724853515625
BIGRU,2,163,adaptation_mismatch,normal,normal,normal,0.0,0.2,0.1640625,0.1734619140625,0.160888671875,0.159912109375,0.1671142578125,0.1746826171875
BIGRU,2,483,normal,adaptation_mismatch,adaptation_mismatch,normal,0.1844482421875,0.2,0.1844482421875,0.1485595703125,0.164306640625,0.161865234375,0.1571044921875,0.1837158203125
BIGRU,2,1042,nonphysical_goodput,normal,normal,normal,0.0,0.2,0.171142578125,0.15234375,0.16650390625,0.1748046875,0.15185546875,0.183349609375
BIGRU,2,1070,nonphysical_goodput,normal,normal,normal,0.0,0.2,0.1756591796875,0.148193359375,0.1556396484375,0.1783447265625,0.1573486328125,0.184814453125
BIGRU,2,347,blockage,normal,normal,normal,0.0,0.2,0.1822509765625,0.1510009765625,0.160888671875,0.1600341796875,0.1580810546875,0.187744140625
BIGRU,2,968,adaptation_mismatch,normal,normal,normal,0.0,0.2,0.1690673828125,0.1522216796875,0.1583251953125,0.1776123046875,0.16064453125,0.18212890625
BIGRU,2,648,mobility,blockage,blockage,normal,0.1793212890625,0.2,0.1529541015625,0.1793212890625,0.1630859375,0.1707763671875,0.1671142578125,0.166748046875
BIGRU,2,616,blockage,normal,normal,normal,0.0,0.2,0.176513671875,0.1591796875,0.1507568359375,0.1669921875,0.1666259765625,0.1800537109375
BIGRU,2,35,interference,blockage,blockage,normal,0.19140625,0.2,0.157470703125,0.19140625,0.1693115234375,0.1495361328125,0.1663818359375,0.166015625
BIGRU,2,921,mobility,normal,normal,normal,0.0,0.2,0.169921875,0.1588134765625,0.160400390625,0.1673583984375,0.1578369140625,0.185546875
BIGRU,2,336,blockage,normal,normal,normal,0.0,0.2,0.183349609375,0.150390625,0.1611328125,0.15771484375,0.1571044921875,0.1903076171875
BIGRU,2,437,adaptation_mismatch,mobility,mobility,normal,0.177490234375,0.2,0.149169921875,0.175048828125,0.15771484375,0.177490234375,0.17626953125,0.164306640625
BIGRU,2,1003,normal,mobility,mobility,normal,0.1790771484375,0.2,0.1588134765625,0.16552734375,0.15234375,0.1790771484375,0.1654052734375,0.1788330078125
BIGRU,2,804,nonphysical_goodput,blockage,blockage,normal,0.1728515625,0.2,0.16259765625,0.1728515625,0.1495361328125,0.172607421875,0.170654296875,0.1717529296875
BIGRU,2,997,normal,normal,normal,normal,0.0,0.2,0.179443359375,0.1427001953125,0.156005859375,0.164306640625,0.1710205078125,0.1864013671875
BIGRU,2,189,normal,blockage,blockage,blockage,0.2001953125,0.2,0.143798828125,0.2001953125,0.1712646484375,0.15771484375,0.1695556640625,0.157470703125
BIGRU,2,563,interference,mobility,mobility,normal,0.1724853515625,0.2,0.1658935546875,0.16845703125,0.1552734375,0.1724853515625,0.1673583984375,0.17041015625
BIGRU,2,681,adaptation_mismatch,mobility,mobility,normal,0.173828125,0.2,0.1627197265625,0.16943359375,0.1630859375,0.173828125,0.1658935546875,0.1650390625
BIGRU,2,1010,normal,normal,normal,normal,0.0,0.2,0.1734619140625,0.1510009765625,0.1607666015625,0.1771240234375,0.15576171875,0.181884765625
BIGRU,2,501,nonphysical_goodput,blockage,blockage,normal,0.17578125,0.2,0.1650390625,0.17578125,0.16455078125,0.1558837890625,0.163330078125,0.1754150390625
BIGRU,2,861,blockage,mobility,mobility,normal,0.177734375,0.2,0.157470703125,0.16748046875,0.1544189453125,0.177734375,0.1654052734375,0.177734375
BIGRU,2,660,mobility,mobility,mobility,normal,0.174072265625,0.2,0.1661376953125,0.1695556640625,0.156005859375,0.174072265625,0.17236328125,0.161865234375
BIGRU,2,850,interference,normal,normal,normal,0.0,0.2,0.16650390625,0.15673828125,0.159423828125,0.176513671875,0.15625,0.1845703125
BIGRU,2,62,blockage,normal,normal,normal,0.0,0.2,0.177490234375,0.1556396484375,0.15625,0.1617431640625,0.1612548828125,0.1876220703125
BIGRU,2,224,normal,blockage,blockage,blockage,0.2005615234375,0.2,0.1412353515625,0.2005615234375,0.17138671875,0.1607666015625,0.169921875,0.156005859375
BIGRU,2,699,adaptation_mismatch,mobility,mobility,normal,0.1795654296875,0.2,0.1546630859375,0.169677734375,0.1617431640625,0.1795654296875,0.1678466796875,0.16650390625
BIGRU,2,478,normal,normal,normal,normal,0.0,0.2,0.1817626953125,0.14892578125,0.1583251953125,0.1614990234375,0.1573486328125,0.1920166015625
BIGRU,2,823,interference,normal,normal,normal,0.0,0.2,0.1705322265625,0.15234375,0.1607666015625,0.17919921875,0.154052734375,0.18310546875
BIGRU,2,231,nonphysical_goodput,blockage,blockage,normal,0.184814453125,0.2,0.1563720703125,0.184814453125,0.164306640625,0.1575927734375,0.168701171875,0.168212890625
BIGRU,2,198,normal,blockage,blockage,normal,0.1993408203125,0.2,0.1474609375,0.1993408203125,0.1719970703125,0.1539306640625,0.16796875,0.1593017578125
BIGRU,2,426,adaptation_mismatch,normal,normal,normal,0.0,0.2,0.174072265625,0.156005859375,0.1612548828125,0.165771484375,0.15869140625,0.18408203125
BIGRU,2,539,nonphysical_goodput,blockage,blockage,normal,0.177001953125,0.2,0.158203125,0.177001953125,0.164306640625,0.1639404296875,0.1641845703125,0.1722412109375
BIGRU,2,548,interference,normal,normal,normal,0.0,0.2,0.1689453125,0.164306640625,0.1531982421875,0.170654296875,0.1649169921875,0.1778564453125
BIGRU,2,94,mobility,blockage,blockage,normal,0.1837158203125,0.2,0.162841796875,0.1837158203125,0.169189453125,0.1517333984375,0.1614990234375,0.1710205078125
BIGRU,2,717,adaptation_mismatch,normal,normal,normal,0.0,0.2,0.173583984375,0.158447265625,0.158447265625,0.1651611328125,0.1611328125,0.183349609375
BIGRU,2,124,mobility,adaptation_mismatch,adaptation_mismatch,normal,0.193359375,0.2,0.193359375,0.14306640625,0.165771484375,0.15283203125,0.153564453125,0.1912841796875
BIGRU,2,456,normal,normal,normal,normal,0.0,0.2,0.163818359375,0.166015625,0.1585693359375,0.169677734375,0.163818359375,0.1781005859375
BIGRU,2,915,mobility,normal,normal,normal,0.0,0.2,0.17822265625,0.1512451171875,0.1646728515625,0.1680908203125,0.155029296875,0.1827392578125
BIGRU,2,442,adaptation_mismatch,normal,normal,normal,0.0,0.2,0.1846923828125,0.1544189453125,0.164794921875,0.1510009765625,0.1566162109375,0.1884765625
BIGRU,2,327,blockage,blockage,blockage,normal,0.17919921875,0.2,0.150390625,0.17919921875,0.1549072265625,0.1741943359375,0.173583984375,0.167724609375
BIGRU,2,643,mobility,blockage,blockage,normal,0.172607421875,0.2,0.1612548828125,0.172607421875,0.1614990234375,0.1666259765625,0.1654052734375,0.1724853515625
BIGRU,2,719,adaptation_mismatch,normal,normal,normal,0.0,0.2,0.1739501953125,0.1651611328125,0.14892578125,0.1700439453125,0.1676025390625,0.17431640625
BIGRU,2,68,blockage,blockage,blockage,normal,0.198974609375,0.2,0.1448974609375,0.198974609375,0.1700439453125,0.1566162109375,0.1705322265625,0.158935546875
BIGRU,2,299,interference,normal,normal,normal,0.0,0.2,0.1627197265625,0.173095703125,0.161865234375,0.1617431640625,0.1634521484375,0.1771240234375
BIGRU,2,791,nonphysical_goodput,adaptation_mismatch,adaptation_mismatch,normal,0.1768798828125,0.2,0.1768798828125,0.1693115234375,0.1402587890625,0.1708984375,0.172119140625,0.17041015625
BIGRU,2,836,interference,normal,normal,normal,0.0,0.2,0.1702880859375,0.1533203125,0.16015625,0.1754150390625,0.1553955078125,0.185546875
BIGRU,2,260,nonphysical_goodput,blockage,blockage,blockage,0.2005615234375,0.2,0.1409912109375,0.2005615234375,0.17041015625,0.1607666015625,0.171142578125,0.15625
BIGRU,2,910,mobility,normal,normal,normal,0.0,0.2,0.17138671875,0.1556396484375,0.1595458984375,0.168701171875,0.1575927734375,0.18701171875
BIGRU,2,65,blockage,blockage,blockage,normal,0.1973876953125,0.2,0.151123046875,0.1973876953125,0.171630859375,0.150390625,0.1676025390625,0.161865234375
BIGRU,2,141,adaptation_mismatch,blockage,blockage,normal,0.197509765625,0.2,0.1463623046875,0.197509765625,0.1693115234375,0.155517578125,0.1710205078125,0.160400390625
BIGRU,2,862,blockage,adaptation_mismatch,adaptation_mismatch,normal,0.18408203125,0.2,0.18408203125,0.1439208984375,0.1580810546875,0.1705322265625,0.1595458984375,0.183837890625
BIGRU,2,325,blockage,normal,normal,normal,0.0,0.2,0.174072265625,0.1641845703125,0.164794921875,0.1558837890625,0.1578369140625,0.1832275390625
BIGRU,2,134,mobility,blockage,blockage,blockage,0.200439453125,0.2,0.138671875,0.200439453125,0.1685791015625,0.162841796875,0.1737060546875,0.1556396484375
BIGRU,2,1052,nonphysical_goodput,normal,normal,normal,0.0,0.2,0.17626953125,0.149169921875,0.161376953125,0.1719970703125,0.154296875,0.1868896484375
BIGRU,2,612,blockage,nonphysical_goodput,normal,normal,0.0,0.2,0.17041015625,0.174560546875,0.1431884765625,0.1710205078125,0.175048828125,0.165771484375
BIGRU,2,125,mobility,normal,normal,normal,0.0,0.2,0.170166015625,0.1622314453125,0.16064453125,0.1627197265625,0.161376953125,0.182861328125
BIGRU,2,117,mobility,blockage,blockage,normal,0.1846923828125,0.2,0.161865234375,0.1846923828125,0.1683349609375,0.14990234375,0.16357421875,0.1715087890625
BIGRU,2,559,interference,blockage,blockage,normal,0.1824951171875,0.2,0.1484375,0.1824951171875,0.159423828125,0.1693115234375,0.17822265625,0.162109375
BIGRU,2,20,interference,normal,normal,normal,0.0,0.2,0.1824951171875,0.1640625,0.16748046875,0.14501953125,0.1558837890625,0.18505859375
BIGRU,2,81,blockage,blockage,blockage,blockage,0.2001953125,0.2,0.1402587890625,0.2001953125,0.1683349609375,0.1605224609375,0.1737060546875,0.1568603515625
BIGRU,2,801,nonphysical_goodput,mobility,mobility,normal,0.1756591796875,0.2,0.1556396484375,0.170654296875,0.1612548828125,0.1756591796875,0.166015625,0.1707763671875
BIGRU,2,391,mobility,normal,normal,normal,0.0,0.2,0.16748046875,0.162353515625,0.1588134765625,0.1688232421875,0.16259765625,0.1798095703125
BIGRU,2,599,blockage,normal,normal,normal,0.0,0.2,0.171142578125,0.16650390625,0.147705078125,0.1685791015625,0.172119140625,0.1739501953125
BIGRU,2,30,interference,blockage,blockage,normal,0.1829833984375,0.2,0.169189453125,0.1829833984375,0.1707763671875,0.1429443359375,0.161376953125,0.172607421875
BIGRU,2,525,nonphysical_goodput,normal,normal,normal,0.0,0.2,0.161865234375,0.163818359375,0.1552734375,0.1744384765625,0.1634521484375,0.18115234375
BIGRU,2,396,mobility,normal,normal,normal,0.0,0.2,0.185302734375,0.1461181640625,0.150390625,0.160400390625,0.170166015625,0.187744140625
BIGRU,2,898,blockage,normal,normal,normal,0.0,0.2,0.176513671875,0.1517333984375,0.1600341796875,0.1611328125,0.1650390625,0.185546875
BIGRU,2,1022,normal,normal,normal,normal,0.0,0.2,0.16552734375,0.1585693359375,0.16064453125,0.1751708984375,0.1575927734375,0.1824951171875
BIGRU,2,150,adaptation_mismatch,normal,normal,normal,0.0,0.2,0.1634521484375,0.1732177734375,0.1607666015625,0.1590576171875,0.1685791015625,0.1749267578125
BIGRU,2,185,normal,blockage,blockage,normal,0.192138671875,0.2,0.1505126953125,0.192138671875,0.1668701171875,0.155029296875,0.171630859375,0.163818359375
BIGRU,2,225,nonphysical_goodput,blockage,blockage,normal,0.1995849609375,0.2,0.1455078125,0.1995849609375,0.17041015625,0.1556396484375,0.169921875,0.158935546875
BIGRU,2,723,normal,blockage,blockage,normal,0.177978515625,0.2,0.1533203125,0.177978515625,0.165283203125,0.1693115234375,0.1668701171875,0.167236328125
BIGRU,2,12,interference,normal,normal,normal,0.0,0.2,0.174560546875,0.1630859375,0.1622314453125,0.1553955078125,0.162353515625,0.1824951171875
BIGRU,2,324,blockage,normal,normal,normal,0.0,0.2,0.1627197265625,0.1734619140625,0.1617431640625,0.16259765625,0.1658935546875,0.1737060546875
BIGRU,2,509,nonphysical_goodput,normal,normal,normal,0.0,0.2,0.168701171875,0.1700439453125,0.1622314453125,0.156982421875,0.16162109375,0.1805419921875
BIGRU,2,387,mobility,blockage,blockage,normal,0.185791015625,0.2,0.1505126953125,0.185791015625,0.1630859375,0.163818359375,0.1697998046875,0.1668701171875
BIGRU,2,614,blockage,mobility,mobility,normal,0.1827392578125,0.2,0.1597900390625,0.1695556640625,0.150634765625,0.1827392578125,0.1754150390625,0.1617431640625
BIGRU,2,598,blockage,mobility,mobility,normal,0.1763916015625,0.2,0.1741943359375,0.1602783203125,0.1480712890625,0.1763916015625,0.1705322265625,0.170654296875
BIGRU,2,374,mobility,normal,normal,normal,0.0,0.2,0.1629638671875,0.1661376953125,0.158447265625,0.1697998046875,0.1644287109375,0.17822265625
BIGRU,2,413,adaptation_mismatch,normal,normal,normal,0.0,0.2,0.16748046875,0.1611328125,0.1583251953125,0.1683349609375,0.16259765625,0.1822509765625
BIGRU,2,967,adaptation_mismatch,normal,normal,normal,0.0,0.2,0.1669921875,0.1549072265625,0.1649169921875,0.17431640625,0.1575927734375,0.18115234375
BIGRU,2,219,normal,blockage,blockage,blockage,0.20068359375,0.2,0.1365966796875,0.20068359375,0.1693115234375,0.166259765625,0.17333984375,0.15380859375
BIGRU,2,773,nonphysical_goodput,normal,normal,normal,0.0,0.2,0.1627197265625,0.172607421875,0.15869140625,0.165771484375,0.1600341796875,0.1800537109375
BIGRU,2,844,interference,normal,normal,normal,0.0,0.2,0.1649169921875,0.16162109375,0.159912109375,0.171142578125,0.15869140625,0.18359375
BIGRU,2,433,adaptation_mismatch,normal,normal,normal,0.0,0.2,0.162353515625,0.1680908203125,0.157470703125,0.1685791015625,0.1676025390625,0.176025390625
BIGRU,2,739,normal,mobility,mobility,normal,0.1749267578125,0.2,0.166015625,0.1678466796875,0.1484375,0.1749267578125,0.1744384765625,0.1683349609375
BIGRU,2,16,interference,blockage,blockage,normal,0.1761474609375,0.2,0.1590576171875,0.1761474609375,0.16064453125,0.1622314453125,0.1700439453125,0.1719970703125
BIGRU,2,707,adaptation_mismatch,normal,normal,normal,0.0,0.2,0.1649169921875,0.1644287109375,0.162353515625,0.171875,0.15869140625,0.1776123046875
BIGRU,2,759,normal,normal,normal,normal,0.0,0.2,0.1695556640625,0.1663818359375,0.154541015625,0.1690673828125,0.1651611328125,0.1751708984375
BIGRU,2,582,interference,normal,normal,normal,0.0,0.2,0.1619873046875,0.165771484375,0.157470703125,0.173095703125,0.166748046875,0.1749267578125
BIGRU,2,976,adaptation_mismatch,normal,normal,normal,0.0,0.2,0.1612548828125,0.1744384765625,0.16015625,0.163330078125,0.1634521484375,0.1773681640625
BIGRU,2,345,blockage,normal,normal,normal,0.0,0.2,0.1605224609375,0.1676025390625,0.15673828125,0.1722412109375,0.16455078125,0.17822265625
BIGRU,2,1013,normal,normal,normal,normal,0.0,0.2,0.1649169921875,0.1580810546875,0.1556396484375,0.1771240234375,0.1580810546875,0.1861572265625
BIGRU,2,200,normal,blockage,blockage,normal,0.176513671875,0.2,0.1614990234375,0.176513671875,0.16259765625,0.158203125,0.1678466796875,0.17333984375
BIGRU,2,145,adaptation_mismatch,blockage,blockage,normal,0.185302734375,0.2,0.1617431640625,0.185302734375,0.166259765625,0.152587890625,0.1627197265625,0.1712646484375
BIGRU,2,502,nonphysical_goodput,normal,normal,normal,0.0,0.2,0.1697998046875,0.1632080078125,0.1585693359375,0.16796875,0.169189453125,0.1712646484375
BIGRU,2,782,nonphysical_goodput,normal,normal,normal,0.0,0.2,0.163818359375,0.1690673828125,0.15478515625,0.169677734375,0.1641845703125,0.1785888671875
BIGRU,2,493,normal,normal,normal,normal,0.0,0.2,0.173583984375,0.1578369140625,0.1593017578125,0.167236328125,0.1654052734375,0.1767578125
BIGRU,2,335,blockage,normal,normal,normal,0.0,0.2,0.1888427734375,0.144775390625,0.1671142578125,0.1556396484375,0.153564453125,0.1900634765625
BIGRU,2,659,mobility,normal,normal,normal,0.0,0.2,0.161376953125,0.1678466796875,0.161376953125,0.1715087890625,0.1656494140625,0.1722412109375
BIGRU,2,994,normal,normal,normal,normal,0.0,0.2,0.1663818359375,0.16064453125,0.1602783203125,0.1707763671875,0.1583251953125,0.1834716796875
BIGRU,2,424,adaptation_mismatch,blockage,blockage,normal,0.1993408203125,0.2,0.13720703125,0.1993408203125,0.1671142578125,0.16552734375,0.175537109375,0.1553955078125
BIGRU,2,751,normal,mobility,mobility,normal,0.176025390625,0.2,0.16650390625,0.1644287109375,0.1544189453125,0.176025390625,0.1666259765625,0.1719970703125
BIGRU,2,486,normal,blockage,blockage,normal,0.1785888671875,0.2,0.15478515625,0.1785888671875,0.1612548828125,0.1646728515625,0.1708984375,0.1697998046875
BIGRU,2,250,nonphysical_goodput,blockage,blockage,normal,0.1920166015625,0.2,0.15625,0.1920166015625,0.1693115234375,0.1500244140625,0.1673583984375,0.1651611328125
BIGRU,2,634,mobility,mobility,mobility,normal,0.1732177734375,0.2,0.1728515625,0.1678466796875,0.1524658203125,0.1732177734375,0.1702880859375,0.163330078125
BIGRU,2,871,blockage,normal,normal,normal,0.0,0.2,0.16064453125,0.168212890625,0.160400390625,0.1693115234375,0.1611328125,0.180419921875
BIGRU,2,763,normal,mobility,mobility,normal,0.1827392578125,0.2,0.1571044921875,0.17041015625,0.154296875,0.1827392578125,0.173828125,0.16162109375
BIGRU,2,1041,nonphysical_goodput,normal,normal,normal,0.0,0.2,0.171630859375,0.1534423828125,0.167236328125,0.1724853515625,0.15185546875,0.183349609375
BIGRU,2,649,mobility,normal,normal,normal,0.0,0.2,0.17431640625,0.161865234375,0.1512451171875,0.17041015625,0.166259765625,0.176025390625
BIGRU,2,312,interference,normal,normal,normal,0.0,0.2,0.1781005859375,0.1575927734375,0.15478515625,0.1624755859375,0.1622314453125,0.184814453125
BIGRU,2,453,normal,nonphysical_goodput,normal,normal,0.0,0.2,0.15966796875,0.1700439453125,0.156005859375,0.16845703125,0.17431640625,0.171630859375
BIGRU,2,700,adaptation_mismatch,normal,normal,normal,0.0,0.2,0.1656494140625,0.1700439453125,0.1595458984375,0.167236328125,0.16455078125,0.1729736328125
BIGRU,2,173,adaptation_mismatch,blockage,blockage,blockage,0.200439453125,0.2,0.1422119140625,0.200439453125,0.1710205078125,0.1593017578125,0.1702880859375,0.15673828125
BIGRU,2,401,mobility,normal,normal,normal,0.0,0.2,0.16064453125,0.174072265625,0.163818359375,0.16455078125,0.1624755859375,0.1744384765625
BIGRU,2,827,interference,normal,normal,normal,0.0,0.2,0.1702880859375,0.154296875,0.15625,0.174560546875,0.1583251953125,0.1861572265625
BIGRU,2,642,mobility,normal,normal,normal,0.0,0.2,0.160888671875,0.169189453125,0.162109375,0.169677734375,0.1624755859375,0.17578125
BIGRU,2,894,blockage,blockage,blockage,normal,0.178955078125,0.2,0.1561279296875,0.178955078125,0.16015625,0.1646728515625,0.1650390625,0.175048828125
BIGRU,2,583,interference,blockage,blockage,normal,0.181884765625,0.2,0.151611328125,0.181884765625,0.1580810546875,0.1734619140625,0.16796875,0.1669921875
BIGRU,2,1031,normal,normal,normal,normal,0.0,0.2,0.1796875,0.1444091796875,0.1514892578125,0.1734619140625,0.165771484375,0.185302734375
BIGRU,2,1050,nonphysical_goodput,blockage,blockage,normal,0.1920166015625,0.2,0.144775390625,0.1920166015625,0.164306640625,0.1636962890625,0.173828125,0.1614990234375
BIGRU,2,115,mobility,blockage,blockage,normal,0.1905517578125,0.2,0.1529541015625,0.1905517578125,0.1658935546875,0.1561279296875,0.1693115234375,0.165283203125
BIGRU,2,830,interference,normal,normal,normal,0.0,0.2,0.173828125,0.150634765625,0.1605224609375,0.1737060546875,0.158203125,0.18310546875
BIGRU,2,350,blockage,normal,normal,normal,0.0,0.2,0.1689453125,0.16162109375,0.1619873046875,0.1649169921875,0.15966796875,0.182861328125
BIGRU,2,552,interference,normal,normal,normal,0.0,0.2,0.1705322265625,0.161376953125,0.147705078125,0.17333984375,0.16845703125,0.1785888671875
BIGRU,2,205,normal,blockage,blockage,blockage,0.200439453125,0.2,0.1383056640625,0.200439453125,0.1685791015625,0.1634521484375,0.173828125,0.1553955078125
BIGRU,2,726,normal,mobility,mobility,normal,0.172119140625,0.2,0.1705322265625,0.1649169921875,0.1534423828125,0.172119140625,0.16845703125,0.1705322265625
BIGRU,2,301,interference,normal,normal,normal,0.0,0.2,0.172607421875,0.167236328125,0.163818359375,0.154296875,0.159912109375,0.1820068359375
BIGRU,2,958,adaptation_mismatch,normal,normal,normal,0.0,0.2,0.164794921875,0.1611328125,0.1578369140625,0.1727294921875,0.1600341796875,0.1834716796875
BIGRU,2,684,adaptation_mismatch,mobility,mobility,normal,0.18115234375,0.2,0.154541015625,0.171630859375,0.1539306640625,0.18115234375,0.1761474609375,0.16259765625
BIGRU,2,527,nonphysical_goodput,blockage,blockage,normal,0.17626953125,0.2,0.1654052734375,0.17626953125,0.1634521484375,0.1578369140625,0.1630859375,0.1739501953125
BIGRU,2,769,nonphysical_goodput,mobility,mobility,normal,0.1724853515625,0.2,0.1690673828125,0.1646728515625,0.1624755859375,0.1724853515625,0.16357421875,0.1678466796875
BIGRU,2,407,adaptation_mismatch,blockage,blockage,normal,0.190673828125,0.2,0.153076171875,0.190673828125,0.1656494140625,0.155517578125,0.1688232421875,0.1663818359375
BIGRU,2,933,mobility,adaptation_mismatch,adaptation_mismatch,normal,0.187255859375,0.2,0.187255859375,0.1475830078125,0.146728515625,0.16845703125,0.1640625,0.1859130859375
BIGRU,2,143,adaptation_mismatch,blockage,blockage,normal,0.1864013671875,0.2,0.164306640625,0.1864013671875,0.1697998046875,0.1456298828125,0.1629638671875,0.1708984375
BIGRU,2,954,adaptation_mismatch,normal,normal,normal,0.0,0.2,0.1668701171875,0.1549072265625,0.1641845703125,0.1787109375,0.154052734375,0.1812744140625
BIGRU,2,460,normal,blockage,blockage,normal,0.181884765625,0.2,0.146484375,0.181884765625,0.158935546875,0.1715087890625,0.1771240234375,0.1640625
BIGRU,2,388,mobility,normal,normal,normal,0.0,0.2,0.1793212890625,0.154052734375,0.162353515625,0.15869140625,0.15625,0.189208984375
BIGRU,2,1014,normal,normal,normal,normal,0.0,0.2,0.172119140625,0.14892578125,0.1585693359375,0.17431640625,0.163330078125,0.1826171875
BIGRU,2,542,interference,mobility,mobility,normal,0.1766357421875,0.2,0.1685791015625,0.163818359375,0.1539306640625,0.1766357421875,0.1658935546875,0.171142578125
BIGRU,2,340,blockage,normal,normal,normal,0.0,0.2,0.1568603515625,0.1719970703125,0.1572265625,0.17236328125,0.1668701171875,0.1746826171875
BIGRU,2,440,adaptation_mismatch,normal,normal,normal,0.0,0.2,0.1727294921875,0.16796875,0.16845703125,0.1546630859375,0.1558837890625,0.180419921875
BIGRU,2,50,blockage,blockage,blockage,normal,0.1851806640625,0.2,0.1689453125,0.1851806640625,0.1710205078125,0.1417236328125,0.16064453125,0.17236328125
BIGRU,2,692,adaptation_mismatch,blockage,blockage,normal,0.1907958984375,0.2,0.1395263671875,0.1907958984375,0.160888671875,0.179931640625,0.174072265625,0.15478515625
BIGRU,2,83,blockage,normal,normal,normal,0.0,0.2,0.1756591796875,0.1737060546875,0.1671142578125,0.1448974609375,0.1585693359375,0.1800537109375
BIGRU,2,104,mobility,blockage,blockage,normal,0.196533203125,0.2,0.1458740234375,0.196533203125,0.1680908203125,0.1563720703125,0.1722412109375,0.160888671875
BIGRU,2,216,normal,blockage,blockage,normal,0.1875,0.2,0.1611328125,0.1875,0.1685791015625,0.1488037109375,0.1641845703125,0.1697998046875
BIGRU,2,107,mobility,blockage,blockage,blockage,0.200927734375,0.2,0.133544921875,0.200927734375,0.1707763671875,0.1707763671875,0.1722412109375,0.1517333984375
BIGRU,2,677,adaptation_mismatch,normal,normal,normal,0.0,0.2,0.173095703125,0.1778564453125,0.14306640625,0.1552734375,0.1680908203125,0.1824951171875
BIGRU,2,824,interference,normal,normal,normal,0.0,0.2,0.1806640625,0.1490478515625,0.1624755859375,0.1685791015625,0.154296875,0.18505859375
BIGRU,2,39,interference,blockage,blockage,normal,0.199951171875,0.2,0.1409912109375,0.199951171875,0.16796875,0.1600341796875,0.173828125,0.1572265625
BIGRU,2,621,blockage,mobility,mobility,normal,0.1739501953125,0.2,0.1728515625,0.164794921875,0.1451416015625,0.1739501953125,0.172607421875,0.170654296875
BIGRU,2,846,interference,normal,normal,normal,0.0,0.2,0.161376953125,0.163818359375,0.156982421875,0.175537109375,0.1600341796875,0.1822509765625
BIGRU,2,284,interference,normal,normal,normal,0.0,0.2,0.167236328125,0.16650390625,0.160400390625,0.163818359375,0.1636962890625,0.1783447265625
BIGRU,2,913,mobility,normal,normal,normal,0.0,0.2,0.1669921875,0.154541015625,0.1632080078125,0.1796875,0.153076171875,0.1824951171875
BIGRU,2,86,blockage,blockage,blockage,normal,0.1885986328125,0.2,0.1591796875,0.1885986328125,0.1678466796875,0.1502685546875,0.1654052734375,0.168701171875
BIGRU,2,969,adaptation_mismatch,normal,normal,normal,0.0,0.2,0.1834716796875,0.142578125,0.14697265625,0.170654296875,0.170166015625,0.1861572265625
BIGRU,2,51,blockage,blockage,blockage,normal,0.1920166015625,0.2,0.148681640625,0.1920166015625,0.1641845703125,0.159912109375,0.172119140625,0.1632080078125
BIGRU,2,283,interference,blockage,blockage,normal,0.185546875,0.2,0.1507568359375,0.185546875,0.16552734375,0.16357421875,0.17041015625,0.1641845703125
BIGRU,2,1021,normal,normal,normal,normal,0.0,0.2,0.18115234375,0.1434326171875,0.146484375,0.1744384765625,0.171875,0.1824951171875
BIGRU,2,932,mobility,normal,normal,normal,0.0,0.2,0.1763916015625,0.150634765625,0.15869140625,0.16796875,0.156005859375,0.1903076171875
BIGRU,2,785,nonphysical_goodput,normal,normal,normal,0.0,0.2,0.16796875,0.1656494140625,0.1612548828125,0.1693115234375,0.1661376953125,0.1695556640625
BIGRU,2,673,mobility,normal,normal,normal,0.0,0.2,0.164794921875,0.163330078125,0.15576171875,0.1724853515625,0.1634521484375,0.1800537109375
BIGRU,2,304,interference,normal,normal,normal,0.0,0.2,0.1771240234375,0.15771484375,0.1590576171875,0.1595458984375,0.1607666015625,0.185791015625
BIGRU,2,606,blockage,nonphysical_goodput,normal,normal,0.0,0.2,0.1748046875,0.165771484375,0.1424560546875,0.16943359375,0.1805419921875,0.1669921875
BIGRU,2,1075,nonphysical_goodput,blockage,blockage,normal,0.1815185546875,0.2,0.15234375,0.1815185546875,0.1607666015625,0.1658935546875,0.16943359375,0.1700439453125
BIGRU,2,920,mobility,normal,normal,normal,0.0,0.2,0.158203125,0.1689453125,0.15380859375,0.1754150390625,0.16650390625,0.1771240234375
BIGRU,2,883,blockage,normal,normal,normal,0.0,0.2,0.182373046875,0.1466064453125,0.1595458984375,0.168701171875,0.1595458984375,0.183349609375
BIGRU,2,742,normal,normal,normal,normal,0.0,0.2,0.16455078125,0.1671142578125,0.15185546875,0.1571044921875,0.177734375,0.1815185546875
BIGRU,2,273,interference,normal,normal,normal,0.0,0.2,0.162109375,0.1744384765625,0.162109375,0.1617431640625,0.1644287109375,0.175048828125
BIGRU,2,516,nonphysical_goodput,adaptation_mismatch,adaptation_mismatch,normal,0.1854248046875,0.2,0.1854248046875,0.1483154296875,0.15771484375,0.162109375,0.1624755859375,0.18408203125
BIGRU,2,567,interference,normal,normal,normal,0.0,0.2,0.16845703125,0.1627197265625,0.15185546875,0.1722412109375,0.166015625,0.1787109375
BIGRU,2,416,adaptation_mismatch,normal,normal,normal,0.0,0.2,0.174560546875,0.1622314453125,0.1680908203125,0.155029296875,0.1588134765625,0.1812744140625
BIGRU,2,192,normal,normal,normal,normal,0.0,0.2,0.166748046875,0.1639404296875,0.1533203125,0.168212890625,0.1693115234375,0.178466796875
