retained_coverage,risk_mean,risk_std
0.05555555555555555,0.0,0.0
0.10416666666666667,0.0,0.0
0.1527777777777778,0.0,0.0
0.2013888888888889,0.0,0.0
0.25,0.011111111111111117,0.013608276348795441
0.3055555555555556,0.009090909090909084,0.011134044285378071
0.3541666666666667,0.007843137254901978,0.009605842128561503
0.4027777777777778,0.010344827586206917,0.00844651635442477
0.4513888888888889,0.009230769230769199,0.007536891516255906
0.5,0.011111111111111072,0.005555555555555536
0.5555555555555556,0.01749999999999998,0.0061237243569579785
0.6041666666666666,0.01839080459770113,0.005631010902949827
0.6527777777777778,0.02127659574468086,0.006728250340783795
0.7013888888888888,0.03168316831683171,0.011546439395733278
0.75,0.04444444444444447,0.01888525745775106
0.8055555555555556,0.06724137931034484,0.020689655172413782
0.8541666666666666,0.0926829268292683,0.028443667779733183
0.9027777777777778,0.13076923076923078,0.031151471894333205
0.9513888888888888,0.17518248175182485,0.029559790848637364
1.0,0.21527777777777776,0.028122856571273062
